,Player,Images
0,Luka Dončić,https://cdn.nba.com/headshots/nba/latest/1040x760/1629029.png
1,Shai Gilgeous-Alexander,https://cdn.nba.com/headshots/nba/latest/1040x760/1628983.png
2,Anthony Edwards,https://cdn.nba.com/headshots/nba/latest/1040x760/1630162.png
3,Jaylen Brown,https://cdn.nba.com/headshots/nba/latest/1040x760/1627759.png
4,Tyrese Maxey,https://cdn.nba.com/headshots/nba/latest/1040x760/1630178.png
5,Kawhi Leonard,https://cdn.nba.com/headshots/nba/latest/1040x760/202695.png
6,Donovan Mitchell,https://cdn.nba.com/headshots/nba/latest/1040x760/1628378.png
7,Nikola Jokić,https://cdn.nba.com/headshots/nba/latest/1040x760/203999.png
8,Giannis Antetokounmpo,https://cdn.nba.com/headshots/nba/latest/1040x760/203507.png
9,Joel Embiid,https://cdn.nba.com/headshots/nba/latest/1040x760/203954.png
10,Lauri Markkanen,https://cdn.nba.com/headshots/nba/latest/1040x760/1628374.png
11,Stephen Curry,https://cdn.nba.com/headshots/nba/latest/1040x760/201939.png
12,Devin Booker,https://cdn.nba.com/headshots/nba/latest/1040x760/1626164.png
13,Jalen Brunson,https://cdn.nba.com/headshots/nba/latest/1040x760/1628973.png
14,Kevin Durant,https://cdn.nba.com/headshots/nba/latest/1040x760/201142.png
15,Jamal Murray,https://cdn.nba.com/headshots/nba/latest/1040x760/1627750.png
16,Victor Wembanyama,https://cdn.nba.com/headshots/nba/latest/1040x760/1641705.png
17,Deni Avdija,https://cdn.nba.com/headshots/nba/latest/1040x760/1630166.png
18,Michael Porter Jr.,https://cdn.nba.com/headshots/nba/latest/1040x760/1629008.png
19,Pascal Siakam,https://cdn.nba.com/headshots/nba/latest/1040x760/1627783.png
20,Cade Cunningham,https://cdn.nba.com/headshots/nba/latest/1040x760/1630595.png
21,James Harden,https://cdn.nba.com/headshots/nba/latest/1040x760/201935.png
24,Keyonte George,https://cdn.nba.com/headshots/nba/latest/1040x760/1641718.png
25,Austin Reaves,https://cdn.nba.com/headshots/nba/latest/1040x760/1630559.png
26,Jalen Johnson,https://cdn.nba.com/headshots/nba/latest/1040x760/1630552.png
27,Paolo Banchero,https://cdn.nba.com/headshots/nba/latest/1040x760/1631094.png
28,Jayson Tatum,https://cdn.nba.com/headshots/nba/latest/1040x760/1628369.png
29,Norman Powell,https://cdn.nba.com/headshots/nba/latest/1040x760/1626181.png
30,Brandon Ingram,https://cdn.nba.com/headshots/nba/latest/1040x760/1627742.png
31,Trey Murphy III,https://cdn.nba.com/headshots/nba/latest/1040x760/1630530.png
32,Julius Randle,https://cdn.nba.com/headshots/nba/latest/1040x760/203944.png
33,Cooper Flagg,https://cdn.nba.com/headshots/nba/latest/1040x760/1642843.png
34,Zion Williamson,https://cdn.nba.com/headshots/nba/latest/1040x760/1629627.png
35,LeBron James,https://cdn.nba.com/headshots/nba/latest/1040x760/2544.png
36,Nickeil Alexander-Walker,https://cdn.nba.com/headshots/nba/latest/1040x760/1629638.png
37,Shaedon Sharpe,https://cdn.nba.com/headshots/nba/latest/1040x760/1631101.png
38,Franz Wagner,https://cdn.nba.com/headshots/nba/latest/1040x760/1630532.png
39,Tyler Herro,https://cdn.nba.com/headshots/nba/latest/1040x760/1629639.png
40,Anthony Davis,https://cdn.nba.com/headshots/nba/latest/1040x760/203076.png
41,Alperen Şengün,https://cdn.nba.com/headshots/nba/latest/1040x760/1630578.png
42,Dillon Brooks,https://cdn.nba.com/headshots/nba/latest/1040x760/1628415.png
43,Brandon Miller,https://cdn.nba.com/headshots/nba/latest/1040x760/1641706.png
44,Bam Adebayo,https://cdn.nba.com/headshots/nba/latest/1040x760/1628389.png
45,LaMelo Ball,https://cdn.nba.com/headshots/nba/latest/1040x760/1630163.png
46,Desmond Bane,https://cdn.nba.com/headshots/nba/latest/1040x760/1630217.png
47,Karl-Anthony Towns,https://cdn.nba.com/headshots/nba/latest/1040x760/1626157.png
48,Jimmy Butler,https://cdn.nba.com/headshots/nba/latest/1040x760/202710.png
49,Ty Jerome,https://cdn.nba.com/headshots/nba/latest/1040x760/1629660.png
50,Jalen Duren,https://cdn.nba.com/headshots/nba/latest/1040x760/1631105.png
51,Ja Morant,https://cdn.nba.com/headshots/nba/latest/1040x760/1629630.png
52,Jaren Jackson Jr.,https://cdn.nba.com/headshots/nba/latest/1040x760/1628991.png
55,RJ Barrett,https://cdn.nba.com/headshots/nba/latest/1040x760/1629628.png
56,Zach LaVine,https://cdn.nba.com/headshots/nba/latest/1040x760/203897.png
57,Darius Garland,https://cdn.nba.com/headshots/nba/latest/1040x760/1629636.png
60,CJ McCollum,https://cdn.nba.com/headshots/nba/latest/1040x760/203468.png
63,De'Aaron Fox,https://cdn.nba.com/headshots/nba/latest/1040x760/1628368.png
64,Jerami Grant,https://cdn.nba.com/headshots/nba/latest/1040x760/203924.png
65,Kon Knueppel,https://cdn.nba.com/headshots/nba/latest/1040x760/1642851.png
66,DeMar DeRozan,https://cdn.nba.com/headshots/nba/latest/1040x760/201942.png
67,Amen Thompson,https://cdn.nba.com/headshots/nba/latest/1040x760/1641708.png
68,Evan Mobley,https://cdn.nba.com/headshots/nba/latest/1040x760/1630596.png
69,Scottie Barnes,https://cdn.nba.com/headshots/nba/latest/1040x760/1630567.png
70,Trae Young,https://cdn.nba.com/headshots/nba/latest/1040x760/1629027.png
73,Jalen Green,https://cdn.nba.com/headshots/nba/latest/1040x760/1630224.png
74,Saddiq Bey,https://cdn.nba.com/headshots/nba/latest/1040x760/1630180.png
75,Bennedict Mathurin,https://cdn.nba.com/headshots/nba/latest/1040x760/1631097.png
78,Coby White,https://cdn.nba.com/headshots/nba/latest/1040x760/1629632.png
81,Kevin Porter Jr.,https://cdn.nba.com/headshots/nba/latest/1040x760/1629645.png
82,Paul George,https://cdn.nba.com/headshots/nba/latest/1040x760/202331.png
83,Ryan Rollins,https://cdn.nba.com/headshots/nba/latest/1040x760/1631157.png
84,Miles Bridges,https://cdn.nba.com/headshots/nba/latest/1040x760/1628970.png
85,Chet Holmgren,https://cdn.nba.com/headshots/nba/latest/1040x760/1631096.png
86,Jalen Williams,https://cdn.nba.com/headshots/nba/latest/1040x760/1631114.png
87,Josh Giddey,https://cdn.nba.com/headshots/nba/latest/1040x760/1630581.png
88,Payton Pritchard,https://cdn.nba.com/headshots/nba/latest/1040x760/1630202.png
89,Andrew Nembhard,https://cdn.nba.com/headshots/nba/latest/1040x760/1629614.png
90,Kristaps Porziņģis,https://cdn.nba.com/headshots/nba/latest/1040x760/204001.png
93,OG Anunoby,https://cdn.nba.com/headshots/nba/latest/1040x760/1628384.png
94,Stephon Castle,https://cdn.nba.com/headshots/nba/latest/1040x760/1642264.png
95,Dejounte Murray,https://cdn.nba.com/headshots/nba/latest/1040x760/1627749.png
96,Grayson Allen,https://cdn.nba.com/headshots/nba/latest/1040x760/1628960.png
97,Derrick White,https://cdn.nba.com/headshots/nba/latest/1040x760/1628401.png
98,Immanuel Quickley,https://cdn.nba.com/headshots/nba/latest/1040x760/1630193.png
99,Matas Buzelis,https://cdn.nba.com/headshots/nba/latest/1040x760/1641824.png
100,Jrue Holiday,https://cdn.nba.com/headshots/nba/latest/1040x760/201950.png
101,Alex Sarr,https://cdn.nba.com/headshots/nba/latest/1040x760/1642259.png
102,Dariq Whitehead,https://cdn.nba.com/headshots/nba/latest/1040x760/1641727.png
103,Aaron Gordon,https://cdn.nba.com/headshots/nba/latest/1040x760/203932.png
104,VJ Edgecombe,https://cdn.nba.com/headshots/nba/latest/1040x760/1642845.png
105,Domantas Sabonis,https://cdn.nba.com/headshots/nba/latest/1040x760/1627734.png
106,Jabari Smith Jr.,https://cdn.nba.com/headshots/nba/latest/1040x760/1631095.png
107,Collin Sexton,https://cdn.nba.com/headshots/nba/latest/1040x760/1629012.png
110,Jarrett Allen,https://cdn.nba.com/headshots/nba/latest/1040x760/1628386.png
111,Jaime Jaquez Jr.,https://cdn.nba.com/headshots/nba/latest/1040x760/1631170.png
112,Andrew Wiggins,https://cdn.nba.com/headshots/nba/latest/1040x760/203952.png
113,Naji Marshall,https://cdn.nba.com/headshots/nba/latest/1040x760/1630230.png
114,Onyeka Okongwu,https://cdn.nba.com/headshots/nba/latest/1040x760/1630168.png
115,Russell Westbrook,https://cdn.nba.com/headshots/nba/latest/1040x760/201566.png
116,Nikola Vučević,https://cdn.nba.com/headshots/nba/latest/1040x760/202696.png
119,Anthony Black,https://cdn.nba.com/headshots/nba/latest/1040x760/1641710.png
120,Kennedy Chandler,https://cdn.nba.com/headshots/nba/latest/1040x760/1631113.png
121,Brice Sensabaugh,https://cdn.nba.com/headshots/nba/latest/1040x760/1641729.png
122,Ayo Dosunmu,https://cdn.nba.com/headshots/nba/latest/1040x760/1630245.png
125,Kyshawn George,https://cdn.nba.com/headshots/nba/latest/1040x760/1642273.png
126,Jaden McDaniels,https://cdn.nba.com/headshots/nba/latest/1040x760/1630183.png
127,Peyton Watson,https://cdn.nba.com/headshots/nba/latest/1040x760/1631212.png
128,Mikal Bridges,https://cdn.nba.com/headshots/nba/latest/1040x760/1628969.png
129,Walker Kessler,https://cdn.nba.com/headshots/nba/latest/1040x760/1631117.png
130,Anfernee Simons,https://cdn.nba.com/headshots/nba/latest/1040x760/1629014.png
133,Jeremiah Fears,https://cdn.nba.com/headshots/nba/latest/1040x760/1642847.png
134,Cormac Ryan,
135,Scoot Henderson,https://cdn.nba.com/headshots/nba/latest/1040x760/1630703.png
136,P.J. Washington,https://cdn.nba.com/headshots/nba/latest/1040x760/1629023.png
137,Ivica Zubac,https://cdn.nba.com/headshots/nba/latest/1040x760/1627826.png
140,Tre Jones,https://cdn.nba.com/headshots/nba/latest/1040x760/1630200.png
141,Kelly Oubre Jr.,https://cdn.nba.com/headshots/nba/latest/1040x760/1626162.png
142,Santi Aldama,https://cdn.nba.com/headshots/nba/latest/1040x760/1630583.png
143,Keegan Murray,https://cdn.nba.com/headshots/nba/latest/1040x760/1631099.png
144,Devin Vassell,https://cdn.nba.com/headshots/nba/latest/1040x760/1630170.png
145,Ace Bailey,https://cdn.nba.com/headshots/nba/latest/1040x760/1642846.png
146,Aaron Nesmith,https://cdn.nba.com/headshots/nba/latest/1040x760/1630174.png
147,Brandin Podziemski,https://cdn.nba.com/headshots/nba/latest/1040x760/1641764.png
148,Jalen Suggs,https://cdn.nba.com/headshots/nba/latest/1040x760/1630591.png
149,De'Andre Hunter,https://cdn.nba.com/headshots/nba/latest/1040x760/1629631.png
152,Bobby Portis,https://cdn.nba.com/headshots/nba/latest/1040x760/1626171.png
153,John Collins,https://cdn.nba.com/headshots/nba/latest/1040x760/1628381.png
154,Cedric Coward,https://cdn.nba.com/headshots/nba/latest/1040x760/1642907.png
155,Zach Edey,https://cdn.nba.com/headshots/nba/latest/1040x760/1641744.png
156,Ajay Mitchell,https://cdn.nba.com/headshots/nba/latest/1040x760/1642349.png
157,Naz Reid,https://cdn.nba.com/headshots/nba/latest/1040x760/1629675.png
158,Cam Thomas,https://cdn.nba.com/headshots/nba/latest/1040x760/1630560.png
161,Tim Hardaway Jr.,https://cdn.nba.com/headshots/nba/latest/1040x760/203501.png
162,Reed Sheppard,https://cdn.nba.com/headshots/nba/latest/1040x760/1642263.png
163,Toumani Camara,https://cdn.nba.com/headshots/nba/latest/1040x760/1641739.png
164,Quentin Grimes,https://cdn.nba.com/headshots/nba/latest/1040x760/1629656.png
165,Jordan Poole,https://cdn.nba.com/headshots/nba/latest/1040x760/1629673.png
166,Tobias Harris,https://cdn.nba.com/headshots/nba/latest/1040x760/202699.png
167,Keldon Johnson,https://cdn.nba.com/headshots/nba/latest/1040x760/1629640.png
168,Jaylon Tyson,https://cdn.nba.com/headshots/nba/latest/1040x760/1642281.png
169,Kyle Kuzma,https://cdn.nba.com/headshots/nba/latest/1040x760/1628398.png
170,Brandon Williams,https://cdn.nba.com/headshots/nba/latest/1040x760/1585.png
171,Sam Merrill,https://cdn.nba.com/headshots/nba/latest/1040x760/1630241.png
172,Collin Gillespie,https://cdn.nba.com/headshots/nba/latest/1040x760/1631221.png
173,Deandre Ayton,https://cdn.nba.com/headshots/nba/latest/1040x760/1629028.png
174,GG Jackson II,
175,Malik Monk,https://cdn.nba.com/headshots/nba/latest/1040x760/1628370.png
176,Maxime Raynaud,https://cdn.nba.com/headshots/nba/latest/1040x760/1642875.png
177,Jaylen Wells,https://cdn.nba.com/headshots/nba/latest/1040x760/1642377.png
178,Max Christie,https://cdn.nba.com/headshots/nba/latest/1040x760/1631108.png
179,Noah Clowney,https://cdn.nba.com/headshots/nba/latest/1040x760/1641730.png
180,De'Anthony Melton,https://cdn.nba.com/headshots/nba/latest/1040x760/1629001.png
181,Jonathan Kuminga,https://cdn.nba.com/headshots/nba/latest/1040x760/1630228.png
184,Donte DiVincenzo,https://cdn.nba.com/headshots/nba/latest/1040x760/1628978.png
185,Cameron Johnson,https://cdn.nba.com/headshots/nba/latest/1040x760/1629661.png
186,Tre Johnson,https://cdn.nba.com/headshots/nba/latest/1040x760/1642848.png
187,Duncan Robinson,https://cdn.nba.com/headshots/nba/latest/1040x760/1629130.png
188,Donovan Clingan,https://cdn.nba.com/headshots/nba/latest/1040x760/1642270.png
189,Moses Moody,https://cdn.nba.com/headshots/nba/latest/1040x760/1630541.png
190,Christian Braun,https://cdn.nba.com/headshots/nba/latest/1040x760/1631128.png
191,Josh Hart,https://cdn.nba.com/headshots/nba/latest/1040x760/1628404.png
192,Miles McBride,https://cdn.nba.com/headshots/nba/latest/1040x760/1630540.png
193,Tristen Newton,https://cdn.nba.com/headshots/nba/latest/1040x760/1641803.png
194,Dyson Daniels,https://cdn.nba.com/headshots/nba/latest/1040x760/1630700.png
195,Blake Hinson,
196,Myles Turner,https://cdn.nba.com/headshots/nba/latest/1040x760/1626167.png
197,Wendell Carter Jr.,https://cdn.nba.com/headshots/nba/latest/1040x760/1628976.png
198,Dylan Harper,https://cdn.nba.com/headshots/nba/latest/1040x760/1642844.png
199,Julian Reese,
200,Nic Claxton,https://cdn.nba.com/headshots/nba/latest/1040x760/1629651.png
201,Isaiah Collier,https://cdn.nba.com/headshots/nba/latest/1040x760/1642268.png
202,Bilal Coulibaly,https://cdn.nba.com/headshots/nba/latest/1040x760/1641731.png
203,Derik Queen,https://cdn.nba.com/headshots/nba/latest/1040x760/1642852.png
204,Klay Thompson,https://cdn.nba.com/headshots/nba/latest/1040x760/202691.png
205,Mark Williams,https://cdn.nba.com/headshots/nba/latest/1040x760/1631109.png
206,Obi Toppin,https://cdn.nba.com/headshots/nba/latest/1040x760/1630167.png
207,Jarace Walker,https://cdn.nba.com/headshots/nba/latest/1040x760/1641716.png
208,Rui Hachimura,https://cdn.nba.com/headshots/nba/latest/1040x760/1629060.png
209,Kyle Filipowski,https://cdn.nba.com/headshots/nba/latest/1040x760/1642271.png
210,Pelle Larsson,https://cdn.nba.com/headshots/nba/latest/1040x760/1641796.png
211,Scotty Pippen Jr.,https://cdn.nba.com/headshots/nba/latest/1040x760/1630590.png
212,Sandro Mamukelashvili,https://cdn.nba.com/headshots/nba/latest/1040x760/1630572.png
213,Max Strus,https://cdn.nba.com/headshots/nba/latest/1040x760/1629622.png
214,Julian Champagnie,https://cdn.nba.com/headshots/nba/latest/1040x760/1630577.png
215,Isaiah Joe,https://cdn.nba.com/headshots/nba/latest/1040x760/1630198.png
216,Cam Spencer,https://cdn.nba.com/headshots/nba/latest/1040x760/1642285.png
217,Kel'el Ware,https://cdn.nba.com/headshots/nba/latest/1040x760/1642276.png
218,Alondes Williams,https://cdn.nba.com/headshots/nba/latest/1040x760/1631214.png
219,Rudy Gobert,https://cdn.nba.com/headshots/nba/latest/1040x760/203497.png
220,Jusuf Nurkić,https://cdn.nba.com/headshots/nba/latest/1040x760/203994.png
221,Dennis Schröder,https://cdn.nba.com/headshots/nba/latest/1040x760/203471.png
224,Tyler Burton,
225,Daeqwon Plowden,https://cdn.nba.com/headshots/nba/latest/1040x760/1631342.png
226,Bub Carrington,https://cdn.nba.com/headshots/nba/latest/1040x760/1642267.png
227,Jakob Poeltl,https://cdn.nba.com/headshots/nba/latest/1040x760/1627751.png
228,Jock Landale,https://cdn.nba.com/headshots/nba/latest/1040x760/1629111.png
231,Marvin Bagley III,https://cdn.nba.com/headshots/nba/latest/1040x760/1628963.png
234,Tari Eason,https://cdn.nba.com/headshots/nba/latest/1040x760/1631106.png
235,Adama-Alpha Bal,
236,A.J. Green,
237,Caleb Love,https://cdn.nba.com/headshots/nba/latest/1040x760/1631126.png
238,Lucas Williamson,
239,Egor Dёmin,
240,DaQuan Jeffries,https://cdn.nba.com/headshots/nba/latest/1040x760/1629610.png
241,Will Riley,https://cdn.nba.com/headshots/nba/latest/1040x760/1642860.png
242,Khris Middleton,https://cdn.nba.com/headshots/nba/latest/1040x760/203114.png
245,Neemias Queta,https://cdn.nba.com/headshots/nba/latest/1040x760/1629674.png
246,D'Angelo Russell,https://cdn.nba.com/headshots/nba/latest/1040x760/1626156.png
247,Jalen Smith,https://cdn.nba.com/headshots/nba/latest/1040x760/1630188.png
248,Ziaire Williams,https://cdn.nba.com/headshots/nba/latest/1040x760/1630533.png
249,Precious Achiuwa,https://cdn.nba.com/headshots/nba/latest/1040x760/1630173.png
250,Derrick Jones Jr.,https://cdn.nba.com/headshots/nba/latest/1040x760/1627884.png
251,Kevin Huerter,https://cdn.nba.com/headshots/nba/latest/1040x760/1628989.png
254,Jordan Miller,https://cdn.nba.com/headshots/nba/latest/1040x760/1641757.png
255,Toby Okani,
256,Olivier-Maxence Prosper,https://cdn.nba.com/headshots/nba/latest/1040x760/1641765.png
257,Isaiah Stewart,https://cdn.nba.com/headshots/nba/latest/1040x760/1630191.png
258,Harrison Barnes,https://cdn.nba.com/headshots/nba/latest/1040x760/203084.png
259,Tristan Da Silva,https://cdn.nba.com/headshots/nba/latest/1040x760/1641783.png
260,Ausar Thompson,https://cdn.nba.com/headshots/nba/latest/1040x760/1641709.png
261,Royce O'Neale,https://cdn.nba.com/headshots/nba/latest/1040x760/1626220.png
262,Zach Collins,https://cdn.nba.com/headshots/nba/latest/1040x760/1628380.png
263,Micah Potter,https://cdn.nba.com/headshots/nba/latest/1040x760/1630695.png
264,Javon Small,https://cdn.nba.com/headshots/nba/latest/1040x760/1642914.png
265,Zaccharie Risacher,https://cdn.nba.com/headshots/nba/latest/1040x760/1642258.png
266,Daniel Gafford,https://cdn.nba.com/headshots/nba/latest/1040x760/1629655.png
267,Jay Huff,https://cdn.nba.com/headshots/nba/latest/1040x760/1630643.png
268,T.J. McConnell,https://cdn.nba.com/headshots/nba/latest/1040x760/204456.png
269,Svi Mykhailiuk,https://cdn.nba.com/headshots/nba/latest/1040x760/1629004.png
270,Aaron Wiggins,https://cdn.nba.com/headshots/nba/latest/1040x760/1630598.png
271,Daniss Jenkins,https://cdn.nba.com/headshots/nba/latest/1040x760/1642450.png
272,Davion Mitchell,https://cdn.nba.com/headshots/nba/latest/1040x760/1630558.png
273,Isaac Okoro,https://cdn.nba.com/headshots/nba/latest/1040x760/1630171.png
274,Landry Shamet,https://cdn.nba.com/headshots/nba/latest/1040x760/1629013.png
275,Marcus Smart,https://cdn.nba.com/headshots/nba/latest/1040x760/203935.png
276,Jaden Hardy,https://cdn.nba.com/headshots/nba/latest/1040x760/1630702.png
279,Isaiah Hartenstein,https://cdn.nba.com/headshots/nba/latest/1040x760/1628392.png
280,Sam Hauser,https://cdn.nba.com/headshots/nba/latest/1040x760/1630573.png
281,Corey Kispert,https://cdn.nba.com/headshots/nba/latest/1040x760/1630557.png
284,Taurean Prince,https://cdn.nba.com/headshots/nba/latest/1040x760/1627752.png
285,Gui Santos,https://cdn.nba.com/headshots/nba/latest/1040x760/1630611.png
286,Cam Whitmore,https://cdn.nba.com/headshots/nba/latest/1040x760/1641715.png
287,Quenton Jackson,https://cdn.nba.com/headshots/nba/latest/1040x760/1631245.png
288,Tristan Vukcevic,https://cdn.nba.com/headshots/nba/latest/1040x760/1641774.png
289,Devin Carter,https://cdn.nba.com/headshots/nba/latest/1040x760/1642269.png
290,Herbert Jones,https://cdn.nba.com/headshots/nba/latest/1040x760/1630529.png
291,Nolan Traoré,https://cdn.nba.com/headshots/nba/latest/1040x760/1642849.png
292,Danny Wolf,https://cdn.nba.com/headshots/nba/latest/1040x760/1642874.png
293,John Poulakidas,
294,Payton Sandfort,
295,Cody Williams,https://cdn.nba.com/headshots/nba/latest/1040x760/1642262.png
296,Justin Champagnie,https://cdn.nba.com/headshots/nba/latest/1040x760/1630551.png
297,Jordan Goodwin,https://cdn.nba.com/headshots/nba/latest/1040x760/1630692.png
298,Day'Ron Sharpe,https://cdn.nba.com/headshots/nba/latest/1040x760/1630549.png
299,Jonas Valančiūnas,https://cdn.nba.com/headshots/nba/latest/1040x760/202685.png
300,Jordan Clarkson,https://cdn.nba.com/headshots/nba/latest/1040x760/203903.png
301,Nique Clifford,https://cdn.nba.com/headshots/nba/latest/1040x760/1642363.png
302,Cason Wallace,https://cdn.nba.com/headshots/nba/latest/1040x760/1641717.png
303,Jaden Ivey,https://cdn.nba.com/headshots/nba/latest/1040x760/1631093.png
306,Vít Krejčí,https://cdn.nba.com/headshots/nba/latest/1040x760/1630249.png
309,Simone Fontecchio,https://cdn.nba.com/headshots/nba/latest/1040x760/1631323.png
310,Bones Hyland,https://cdn.nba.com/headshots/nba/latest/1040x760/1630538.png
311,Brook Lopez,https://cdn.nba.com/headshots/nba/latest/1040x760/201572.png
312,Collin Murray-Boyles,https://cdn.nba.com/headshots/nba/latest/1040x760/1642867.png
313,Luke Kennard,https://cdn.nba.com/headshots/nba/latest/1040x760/1628379.png
316,Kentavious Caldwell-Pope,https://cdn.nba.com/headshots/nba/latest/1040x760/203484.png
317,Draymond Green,https://cdn.nba.com/headshots/nba/latest/1040x760/203110.png
318,Jared McCain,https://cdn.nba.com/headshots/nba/latest/1040x760/1642272.png
321,Luguentz Dort,https://cdn.nba.com/headshots/nba/latest/1040x760/1629652.png
322,Al Horford,https://cdn.nba.com/headshots/nba/latest/1040x760/201143.png
323,Josh Oduro,
324,Kadary Richmond,
325,Malachi Smith,
326,Bradley Beal,https://cdn.nba.com/headshots/nba/latest/1040x760/203078.png
327,LJ Cryer,
328,Ron Holland,
329,Chaney Johnson,
330,Jake LaRavia,https://cdn.nba.com/headshots/nba/latest/1040x760/1631222.png
331,Sharife Cooper,https://cdn.nba.com/headshots/nba/latest/1040x760/1630536.png
332,Luka Garza,https://cdn.nba.com/headshots/nba/latest/1040x760/1630568.png
333,Bez Mbeng,
334,Bryce McGowens,https://cdn.nba.com/headshots/nba/latest/1040x760/1631121.png
335,Gary Trent Jr.,https://cdn.nba.com/headshots/nba/latest/1040x760/1629018.png
336,Mouhamadou Gueye,https://cdn.nba.com/headshots/nba/latest/1040x760/1631338.png
337,DeJon Jarreau,https://cdn.nba.com/headshots/nba/latest/1040x760/1630610.png
338,David Roddy,https://cdn.nba.com/headshots/nba/latest/1040x760/1631223.png
339,Tre Scott,
340,Nate Williams,https://cdn.nba.com/headshots/nba/latest/1040x760/78561.png
341,Bruce Brown,https://cdn.nba.com/headshots/nba/latest/1040x760/1628971.png
342,Moussa Diabaté,https://cdn.nba.com/headshots/nba/latest/1040x760/1631217.png
343,Tyson Etienne,https://cdn.nba.com/headshots/nba/latest/1040x760/1630623.png
344,Leonard Miller,https://cdn.nba.com/headshots/nba/latest/1040x760/1631159.png
347,Walter Clayton,https://cdn.nba.com/headshots/nba/latest/1040x760/1642383.png
350,Paul Reed,https://cdn.nba.com/headshots/nba/latest/1040x760/1630194.png
351,Oscar Tshiebwe,https://cdn.nba.com/headshots/nba/latest/1040x760/1631131.png
352,Dominick Barlow,https://cdn.nba.com/headshots/nba/latest/1040x760/1631230.png
353,Quinten Post,https://cdn.nba.com/headshots/nba/latest/1040x760/1642366.png
354,Ousmane Dieng,https://cdn.nba.com/headshots/nba/latest/1040x760/1631172.png
357,Buddy Hield,https://cdn.nba.com/headshots/nba/latest/1040x760/1627741.png
360,Ryan Kalkbrenner,https://cdn.nba.com/headshots/nba/latest/1040x760/1641750.png
361,Vince Williams Jr.,https://cdn.nba.com/headshots/nba/latest/1040x760/1631246.png
364,Jaxson Hayes,https://cdn.nba.com/headshots/nba/latest/1040x760/1629637.png
365,Gary Payton II,https://cdn.nba.com/headshots/nba/latest/1040x760/1627780.png
366,Ben Saraf,https://cdn.nba.com/headshots/nba/latest/1040x760/1642879.png
367,Ja'Kobe Walter,https://cdn.nba.com/headshots/nba/latest/1040x760/1642266.png
368,Josh Minott,https://cdn.nba.com/headshots/nba/latest/1040x760/1631169.png
371,Taylor Hendricks,https://cdn.nba.com/headshots/nba/latest/1040x760/1641707.png
374,Jose Alvarado,https://cdn.nba.com/headshots/nba/latest/1040x760/1630631.png
377,Bogdan Bogdanović,https://cdn.nba.com/headshots/nba/latest/1040x760/203992.png
378,Caris LeVert,https://cdn.nba.com/headshots/nba/latest/1040x760/1627747.png
379,Cameron Payne,https://cdn.nba.com/headshots/nba/latest/1040x760/1626166.png
380,Jamir Watkins,https://cdn.nba.com/headshots/nba/latest/1040x760/1642364.png
381,Kris Dunn,https://cdn.nba.com/headshots/nba/latest/1040x760/1627739.png
382,Nikola Jović,https://cdn.nba.com/headshots/nba/latest/1040x760/1631107.png
383,Kobe Sanders,https://cdn.nba.com/headshots/nba/latest/1040x760/1642920.png
384,Jalen Slawson,https://cdn.nba.com/headshots/nba/latest/1040x760/1641771.png
385,Terance Mann,https://cdn.nba.com/headshots/nba/latest/1040x760/1629611.png
386,Pat Spencer,https://cdn.nba.com/headshots/nba/latest/1040x760/1630311.png
387,Julian Strawther,https://cdn.nba.com/headshots/nba/latest/1040x760/1631124.png
388,Jaylin Williams,https://cdn.nba.com/headshots/nba/latest/1040x760/1631119.png
389,Leaky Black,https://cdn.nba.com/headshots/nba/latest/1040x760/1641778.png
390,Seth Curry,https://cdn.nba.com/headshots/nba/latest/1040x760/203552.png
391,Ben Sheppard,https://cdn.nba.com/headshots/nba/latest/1040x760/1641767.png
392,Lawson Lovering,
393,Ethan Thompson,https://cdn.nba.com/headshots/nba/latest/1040x760/1630679.png
394,Grant Williams,https://cdn.nba.com/headshots/nba/latest/1040x760/1629684.png
395,Patrick Williams,https://cdn.nba.com/headshots/nba/latest/1040x760/1630172.png
396,Javonte Green,https://cdn.nba.com/headshots/nba/latest/1040x760/1629750.png
397,Moritz Wagner,https://cdn.nba.com/headshots/nba/latest/1040x760/1629021.png
398,MarJon Beauchamp,https://cdn.nba.com/headshots/nba/latest/1040x760/1630699.png
399,Elijah Harkless,https://cdn.nba.com/headshots/nba/latest/1040x760/1641989.png
400,Keon Ellis,https://cdn.nba.com/headshots/nba/latest/1040x760/1631165.png
403,Isaiah Jackson,https://cdn.nba.com/headshots/nba/latest/1040x760/1630543.png
406,Cole Anthony,https://cdn.nba.com/headshots/nba/latest/1040x760/1630175.png
407,Kevin Love,https://cdn.nba.com/headshots/nba/latest/1040x760/201567.png
408,Robert Williams,https://cdn.nba.com/headshots/nba/latest/1040x760/1629057.png
409,Ryan Nembhard,https://cdn.nba.com/headshots/nba/latest/1040x760/1642948.png
410,Jamal Shead,https://cdn.nba.com/headshots/nba/latest/1040x760/1642347.png
411,Oso Ighodaro,https://cdn.nba.com/headshots/nba/latest/1040x760/1642345.png
412,Luke Kornet,https://cdn.nba.com/headshots/nba/latest/1040x760/1628436.png
413,Drake Powell,https://cdn.nba.com/headshots/nba/latest/1040x760/1642962.png
414,Trendon Watford,https://cdn.nba.com/headshots/nba/latest/1040x760/1630570.png
415,Kenrich Williams,https://cdn.nba.com/headshots/nba/latest/1040x760/1629026.png
416,Jevon Carter,https://cdn.nba.com/headshots/nba/latest/1040x760/1628975.png
419,Andre Drummond,https://cdn.nba.com/headshots/nba/latest/1040x760/203083.png
420,Will Richard,https://cdn.nba.com/headshots/nba/latest/1040x760/1642954.png
421,Jalen Wilson,https://cdn.nba.com/headshots/nba/latest/1040x760/1630592.png
422,Rob Dillingham,https://cdn.nba.com/headshots/nba/latest/1040x760/1642265.png
425,Tyrese Martin,https://cdn.nba.com/headshots/nba/latest/1040x760/1631213.png
428,Kyle Anderson,https://cdn.nba.com/headshots/nba/latest/1040x760/203937.png
432,Thomas Bryant,https://cdn.nba.com/headshots/nba/latest/1040x760/1628418.png
433,Alex Caruso,https://cdn.nba.com/headshots/nba/latest/1040x760/1627936.png
434,Kasparas Jakučionis,https://cdn.nba.com/headshots/nba/latest/1040x760/1642857.png
435,Jahmai Mashack,
436,Nick Smith Jr.,https://cdn.nba.com/headshots/nba/latest/1040x760/1641733.png
437,Mac McClung,https://cdn.nba.com/headshots/nba/latest/1040x760/1630644.png
440,Gradey Dick,https://cdn.nba.com/headshots/nba/latest/1040x760/1641711.png
441,Justin Edwards,https://cdn.nba.com/headshots/nba/latest/1040x760/1642348.png
442,Hayden Gray,
443,Tidjane Salaün,https://cdn.nba.com/headshots/nba/latest/1040x760/1642275.png
444,Goga Bitadze,https://cdn.nba.com/headshots/nba/latest/1040x760/1629048.png
445,Charles Bassey,https://cdn.nba.com/headshots/nba/latest/1040x760/1629646.png
450,Kobe Brown,https://cdn.nba.com/headshots/nba/latest/1040x760/1641738.png
453,Nick Richards,https://cdn.nba.com/headshots/nba/latest/1040x760/1630208.png
456,Steven Adams,https://cdn.nba.com/headshots/nba/latest/1040x760/203500.png
457,Branden Carlson,https://cdn.nba.com/headshots/nba/latest/1040x760/1642382.png
458,Ryan Dunn,https://cdn.nba.com/headshots/nba/latest/1040x760/1642346.png
459,Anthony Gill,https://cdn.nba.com/headshots/nba/latest/1040x760/1630264.png
460,Kris Murray,https://cdn.nba.com/headshots/nba/latest/1040x760/1631200.png
461,Matisse Thybulle,https://cdn.nba.com/headshots/nba/latest/1040x760/1629680.png
462,Nae'Qwan Tomlin,https://cdn.nba.com/headshots/nba/latest/1040x760/1641772.png
463,Dean Wade,https://cdn.nba.com/headshots/nba/latest/1040x760/1629731.png
464,Jamaree Bouyea,https://cdn.nba.com/headshots/nba/latest/1040x760/1631123.png
465,E.J. Liddell,https://cdn.nba.com/headshots/nba/latest/1040x760/1630604.png
466,Karlo Matković,https://cdn.nba.com/headshots/nba/latest/1040x760/1631255.png
467,Doug McDermott,https://cdn.nba.com/headshots/nba/latest/1040x760/203926.png
468,Yves Missi,https://cdn.nba.com/headshots/nba/latest/1040x760/1642274.png
469,Mitchell Robinson,https://cdn.nba.com/headshots/nba/latest/1040x760/1629011.png
470,Guerschon Yabusele,https://cdn.nba.com/headshots/nba/latest/1040x760/1627824.png
473,Terrence Shannon Jr.,https://cdn.nba.com/headshots/nba/latest/1040x760/1630545.png
474,Dru Smith,https://cdn.nba.com/headshots/nba/latest/1040x760/1630696.png
475,Eric Gordon,https://cdn.nba.com/headshots/nba/latest/1040x760/201569.png
476,Killian Hayes,https://cdn.nba.com/headshots/nba/latest/1040x760/1630165.png
477,Aaron Holiday,https://cdn.nba.com/headshots/nba/latest/1040x760/1628988.png
478,Jett Howard,https://cdn.nba.com/headshots/nba/latest/1040x760/1641724.png
479,Spencer Jones,https://cdn.nba.com/headshots/nba/latest/1040x760/1642461.png
480,Tre Mann,https://cdn.nba.com/headshots/nba/latest/1040x760/1630544.png
481,Baylor Scheierman,https://cdn.nba.com/headshots/nba/latest/1040x760/1631248.png
482,Jamal Cain,https://cdn.nba.com/headshots/nba/latest/1040x760/1631288.png
483,Dylan Cardwell,https://cdn.nba.com/headshots/nba/latest/1040x760/1642928.png
484,Haywood Highsmith,https://cdn.nba.com/headshots/nba/latest/1040x760/1629312.png
485,Sion James,https://cdn.nba.com/headshots/nba/latest/1040x760/1642883.png
486,Pete Nance,https://cdn.nba.com/headshots/nba/latest/1040x760/1631250.png
487,Tyrese Proctor,https://cdn.nba.com/headshots/nba/latest/1040x760/1642878.png
488,Jordan Walsh,https://cdn.nba.com/headshots/nba/latest/1040x760/1641775.png
489,Rayan Rupert,https://cdn.nba.com/headshots/nba/latest/1040x760/1641712.png
492,Trey Alexander,https://cdn.nba.com/headshots/nba/latest/1040x760/1641725.png
493,Drew Eubanks,https://cdn.nba.com/headshots/nba/latest/1040x760/1629234.png
494,Andersson Garcia,
495,Garrison Mathews,https://cdn.nba.com/headshots/nba/latest/1040x760/1629726.png
496,Asa Newell,https://cdn.nba.com/headshots/nba/latest/1040x760/1642854.png
497,Jalen Pickett,https://cdn.nba.com/headshots/nba/latest/1040x760/1629618.png
498,Marcus Sasser,https://cdn.nba.com/headshots/nba/latest/1040x760/1631204.png
499,Nikola Topić,https://cdn.nba.com/headshots/nba/latest/1040x760/1642260.png
500,Ochai Agbaji,https://cdn.nba.com/headshots/nba/latest/1040x760/1630534.png
503,Sidy Cissoko,https://cdn.nba.com/headshots/nba/latest/1040x760/1631321.png
504,Johnny Furphy,https://cdn.nba.com/headshots/nba/latest/1040x760/1642277.png
505,Jordan Hawkins,https://cdn.nba.com/headshots/nba/latest/1040x760/1641722.png
506,Jericho Sims,https://cdn.nba.com/headshots/nba/latest/1040x760/1630579.png
507,Adem Bona,https://cdn.nba.com/headshots/nba/latest/1040x760/1641737.png
508,Blake Wesley,https://cdn.nba.com/headshots/nba/latest/1040x760/1631104.png
509,Tyler Smith,https://cdn.nba.com/headshots/nba/latest/1040x760/1641890.png
510,KJ Simpson,https://cdn.nba.com/headshots/nba/latest/1040x760/1642354.png
513,Lonzo Ball,https://cdn.nba.com/headshots/nba/latest/1040x760/1628366.png
514,Malaki Branham,https://cdn.nba.com/headshots/nba/latest/1040x760/1631103.png
515,Zyon Pullin,https://cdn.nba.com/headshots/nba/latest/1040x760/1642389.png
516,Jeremiah Robinson-Earl,https://cdn.nba.com/headshots/nba/latest/1040x760/1630526.png
519,PJ Hall,https://cdn.nba.com/headshots/nba/latest/1040x760/1641790.png
522,Moussa Cisse,https://cdn.nba.com/headshots/nba/latest/1040x760/1630619.png
523,Mike Conley,https://cdn.nba.com/headshots/nba/latest/1040x760/201144.png
524,Josh Okogie,https://cdn.nba.com/headshots/nba/latest/1040x760/1629006.png
525,Taelon Peter,https://cdn.nba.com/headshots/nba/latest/1040x760/1643007.png
526,Craig Porter Jr.,https://cdn.nba.com/headshots/nba/latest/1040x760/1641854.png
527,John Konchar,https://cdn.nba.com/headshots/nba/latest/1040x760/1629723.png
530,RayJ Dennis,https://cdn.nba.com/headshots/nba/latest/1040x760/1642484.png
534,Gabe Vincent,https://cdn.nba.com/headshots/nba/latest/1040x760/1629216.png
537,Mouhamed Gueye,https://cdn.nba.com/headshots/nba/latest/1040x760/1631243.png
538,Kam Jones,https://cdn.nba.com/headshots/nba/latest/1040x760/1642880.png
539,DeAndre Jordan,https://cdn.nba.com/headshots/nba/latest/1040x760/201599.png
540,Tyler Kolek,https://cdn.nba.com/headshots/nba/latest/1040x760/1642278.png
541,Jase Richardson,https://cdn.nba.com/headshots/nba/latest/1040x760/1642859.png
542,Jarred Vanderbilt,https://cdn.nba.com/headshots/nba/latest/1040x760/1629020.png
543,Keshon Gilbert,
546,Rasheer Fleming,https://cdn.nba.com/headshots/nba/latest/1040x760/1642853.png
547,Josh Green,https://cdn.nba.com/headshots/nba/latest/1040x760/1630182.png
548,Keshad Johnson,https://cdn.nba.com/headshots/nba/latest/1040x760/1642352.png
549,Yanic Konan Niederhäuser,https://cdn.nba.com/headshots/nba/latest/1040x760/1642949.png
550,Skal Labissière,https://cdn.nba.com/headshots/nba/latest/1040x760/1627746.png
551,Dereck Lively II,https://cdn.nba.com/headshots/nba/latest/1040x760/1641726.png
552,Liam McNeeley,https://cdn.nba.com/headshots/nba/latest/1040x760/1642862.png
553,Grant Nelson,
554,Micah Peavy,https://cdn.nba.com/headshots/nba/latest/1040x760/1642877.png
555,Jabari Walker,https://cdn.nba.com/headshots/nba/latest/1040x760/1631133.png
556,Carter Bryant,https://cdn.nba.com/headshots/nba/latest/1040x760/1642868.png
557,Ron Harper Jr.,https://cdn.nba.com/headshots/nba/latest/1040x760/1631199.png
558,Dalton Knecht,https://cdn.nba.com/headshots/nba/latest/1040x760/1642261.png
559,A.J. Lawson,https://cdn.nba.com/headshots/nba/latest/1040x760/1630639.png
560,Tristan Enaruna,
561,Nicolas Batum,https://cdn.nba.com/headshots/nba/latest/1040x760/201587.png
562,Tony Bradley,https://cdn.nba.com/headshots/nba/latest/1040x760/1628396.png
565,Jaylen Clark,https://cdn.nba.com/headshots/nba/latest/1040x760/1641740.png
566,Brandon Clarke,https://cdn.nba.com/headshots/nba/latest/1040x760/1629634.png
567,Riley Minix,https://cdn.nba.com/headshots/nba/latest/1040x760/1642434.png
570,Joan Beringer,https://cdn.nba.com/headshots/nba/latest/1040x760/1642866.png
571,Hugo González,https://cdn.nba.com/headshots/nba/latest/1040x760/1642864.png
572,Caleb Martin,https://cdn.nba.com/headshots/nba/latest/1040x760/1628997.png
573,Koby Brea,https://cdn.nba.com/headshots/nba/latest/1040x760/1642886.png
574,Clint Capela,https://cdn.nba.com/headshots/nba/latest/1040x760/203991.png
575,Noah Penda,https://cdn.nba.com/headshots/nba/latest/1040x760/1642869.png
576,Omer Yurtseven,https://cdn.nba.com/headshots/nba/latest/1040x760/1630209.png
577,Patrick Baldwin Jr.,https://cdn.nba.com/headshots/nba/latest/1040x760/1631116.png
581,Dalen Terry,https://cdn.nba.com/headshots/nba/latest/1040x760/1631207.png
584,DaRon Holmes,https://cdn.nba.com/headshots/nba/latest/1040x760/1641747.png
585,Larry Nance Jr.,https://cdn.nba.com/headshots/nba/latest/1040x760/1626204.png
586,Zeke Nnaji,https://cdn.nba.com/headshots/nba/latest/1040x760/1630192.png
587,Tolu Smith,https://cdn.nba.com/headshots/nba/latest/1040x760/1642449.png
588,Jeremy Sochan,https://cdn.nba.com/headshots/nba/latest/1040x760/1631110.png
591,Mohamed Diawara,https://cdn.nba.com/headshots/nba/latest/1040x760/1642885.png
592,Myron Gardner,https://cdn.nba.com/headshots/nba/latest/1040x760/1642066.png
593,Olivier Sarr,https://cdn.nba.com/headshots/nba/latest/1040x760/1630846.png
594,Keaton Wallace,https://cdn.nba.com/headshots/nba/latest/1040x760/1630811.png
595,Trayce Jackson-Davis,https://cdn.nba.com/headshots/nba/latest/1040x760/1631218.png
598,Taj Gibson,https://cdn.nba.com/headshots/nba/latest/1040x760/201959.png
599,Yuki Kawamura,https://cdn.nba.com/headshots/nba/latest/1040x760/1642530.png
600,Drew Timme,https://cdn.nba.com/headshots/nba/latest/1040x760/1631166.png
601,AJ Johnson,https://cdn.nba.com/headshots/nba/latest/1040x760/1642358.png
604,Dorian Finney-Smith,https://cdn.nba.com/headshots/nba/latest/1040x760/1627827.png
605,Enrique Freeman,https://cdn.nba.com/headshots/nba/latest/1040x760/1642402.png
606,Malevy Leons,https://cdn.nba.com/headshots/nba/latest/1040x760/1642502.png
607,Dwight Powell,https://cdn.nba.com/headshots/nba/latest/1040x760/203939.png
608,Isaiah Stevens,https://cdn.nba.com/headshots/nba/latest/1040x760/1641815.png
609,James Wiseman,https://cdn.nba.com/headshots/nba/latest/1040x760/1630164.png
610,Amir Coffey,https://cdn.nba.com/headshots/nba/latest/1040x760/1629599.png
613,Alex Antetokounmpo,https://cdn.nba.com/headshots/nba/latest/1040x760/1630828.png
614,Kelly Olynyk,https://cdn.nba.com/headshots/nba/latest/1040x760/203482.png
615,Jamison Battle,https://cdn.nba.com/headshots/nba/latest/1040x760/1642419.png
616,Miles Kelly,https://cdn.nba.com/headshots/nba/latest/1040x760/1642939.png
617,Mark Sears,https://cdn.nba.com/headshots/nba/latest/1040x760/1641813.png
618,Tyus Jones,https://cdn.nba.com/headshots/nba/latest/1040x760/1626145.png
622,CJ Huntley,https://cdn.nba.com/headshots/nba/latest/1040x760/1643047.png
623,Chris Livingston,https://cdn.nba.com/headshots/nba/latest/1040x760/1641753.png
624,Khaman Maluach,https://cdn.nba.com/headshots/nba/latest/1040x760/1642863.png
625,Emanuel Miller,https://cdn.nba.com/headshots/nba/latest/1040x760/1641801.png
626,Monte Morris,https://cdn.nba.com/headshots/nba/latest/1040x760/1628420.png
627,Julian Phillips,https://cdn.nba.com/headshots/nba/latest/1040x760/1641763.png
630,Kobe Bufkin,https://cdn.nba.com/headshots/nba/latest/1040x760/1641723.png
631,Bronny James,https://cdn.nba.com/headshots/nba/latest/1040x760/1642355.png
632,Curtis Jones,https://cdn.nba.com/headshots/nba/latest/1040x760/1642938.png
633,David Jones García,https://cdn.nba.com/headshots/nba/latest/1040x760/1642357.png
634,Chris Paul,https://cdn.nba.com/headshots/nba/latest/1040x760/101108.png
635,Duop Reath,https://cdn.nba.com/headshots/nba/latest/1040x760/1641871.png
636,Cam Christie,https://cdn.nba.com/headshots/nba/latest/1040x760/1642353.png
637,Kevon Looney,https://cdn.nba.com/headshots/nba/latest/1040x760/1626172.png
638,Norchad Omier,
639,Jae'Sean Tate,https://cdn.nba.com/headshots/nba/latest/1040x760/1630256.png
640,Rocco Zikarsky,https://cdn.nba.com/headshots/nba/latest/1040x760/1642911.png
641,Christian Koloko,https://cdn.nba.com/headshots/nba/latest/1040x760/1631132.png
645,Gary Harris,https://cdn.nba.com/headshots/nba/latest/1040x760/203914.png
646,Antonio Reeves,https://cdn.nba.com/headshots/nba/latest/1040x760/1641810.png
647,Pat Connaughton,https://cdn.nba.com/headshots/nba/latest/1040x760/1626192.png
648,Jonathan Isaac,https://cdn.nba.com/headshots/nba/latest/1040x760/1628371.png
649,Mo Bamba,https://cdn.nba.com/headshots/nba/latest/1040x760/1628964.png
652,JD Davison,https://cdn.nba.com/headshots/nba/latest/1040x760/1631120.png
653,John Tonje,https://cdn.nba.com/headshots/nba/latest/1040x760/1642910.png
654,Hunter Dickinson,https://cdn.nba.com/headshots/nba/latest/1040x760/1630621.png
655,Andre Jackson Jr.,https://cdn.nba.com/headshots/nba/latest/1040x760/1641748.png
656,Chaz Lanier,https://cdn.nba.com/headshots/nba/latest/1040x760/1642404.png
657,Kevin McCullar Jr.,https://cdn.nba.com/headshots/nba/latest/1040x760/1641755.png
658,Lachlan Olbrich,https://cdn.nba.com/headshots/nba/latest/1040x760/1642950.png
659,Lindy Waters III,https://cdn.nba.com/headshots/nba/latest/1040x760/1630322.png
660,Chris Boucher,https://cdn.nba.com/headshots/nba/latest/1040x760/1628449.png
661,Caleb Houstan,https://cdn.nba.com/headshots/nba/latest/1040x760/1631216.png
662,Luke Travers,https://cdn.nba.com/headshots/nba/latest/1040x760/1631247.png
663,Jeff Green,https://cdn.nba.com/headshots/nba/latest/1040x760/201145.png
664,Yang Hansen,https://cdn.nba.com/headshots/nba/latest/1040x760/1642905.png
665,Ariel Hukporti,https://cdn.nba.com/headshots/nba/latest/1040x760/1630574.png
666,Alijah Martin,https://cdn.nba.com/headshots/nba/latest/1040x760/1642918.png
667,Hunter Tyson,https://cdn.nba.com/headshots/nba/latest/1040x760/1641816.png
668,Chris Youngblood,https://cdn.nba.com/headshots/nba/latest/1040x760/1642959.png
671,Dalano Banton,https://cdn.nba.com/headshots/nba/latest/1040x760/1630625.png
674,Isaiah Crawford,https://cdn.nba.com/headshots/nba/latest/1040x760/1642384.png
675,Trentyn Flowers,https://cdn.nba.com/headshots/nba/latest/1040x760/1642280.png
676,Colby Jones,https://cdn.nba.com/headshots/nba/latest/1040x760/1641732.png
677,Johnny Juzang,https://cdn.nba.com/headshots/nba/latest/1040x760/1630548.png
678,Jayson Kent,
679,Maxi Kleber,https://cdn.nba.com/headshots/nba/latest/1040x760/1628467.png
680,Jordan McLaughlin,https://cdn.nba.com/headshots/nba/latest/1040x760/1629162.png
681,Alex Morales,
682,Sean Pedulla,
683,Adou Thiero,https://cdn.nba.com/headshots/nba/latest/1040x760/1642876.png
684,Bobi Klintman,https://cdn.nba.com/headshots/nba/latest/1040x760/1641752.png
685,Isaiah Livers,https://cdn.nba.com/headshots/nba/latest/1040x760/1630587.png
686,Cody Martin,https://cdn.nba.com/headshots/nba/latest/1040x760/1628998.png
687,Orlando Robinson,https://cdn.nba.com/headshots/nba/latest/1040x760/1631115.png
688,Jahmir Young,https://cdn.nba.com/headshots/nba/latest/1040x760/1642443.png
689,Brooks Barnhizer,https://cdn.nba.com/headshots/nba/latest/1040x760/1642964.png
690,Pacôme Dadiet,https://cdn.nba.com/headshots/nba/latest/1040x760/1642359.png
691,Wendell Moore Jr.,https://cdn.nba.com/headshots/nba/latest/1040x760/1631111.png
692,Mason Plumlee,https://cdn.nba.com/headshots/nba/latest/1040x760/203486.png
695,Harrison Ingram,https://cdn.nba.com/headshots/nba/latest/1040x760/1631127.png
696,Jacob Toppin,https://cdn.nba.com/headshots/nba/latest/1040x760/1631210.png
697,Xavier Tillman Sr.,
700,Buddy Boeheim,https://cdn.nba.com/headshots/nba/latest/1040x760/1631205.png
701,Joe Ingles,https://cdn.nba.com/headshots/nba/latest/1040x760/204060.png
702,Jonathan Mogbo,https://cdn.nba.com/headshots/nba/latest/1040x760/1642367.png
703,Thanasis Antetokounmpo,https://cdn.nba.com/headshots/nba/latest/1040x760/203648.png
704,Amari Williams,https://cdn.nba.com/headshots/nba/latest/1040x760/1642873.png
705,Isaac Jones,https://cdn.nba.com/headshots/nba/latest/1040x760/1642403.png
708,Colin Castleton,https://cdn.nba.com/headshots/nba/latest/1040x760/1630658.png
709,Nigel Hayes-Davis,https://cdn.nba.com/headshots/nba/latest/1040x760/1628502.png
710,Dillon Jones,https://cdn.nba.com/headshots/nba/latest/1040x760/1641794.png
711,TyTy Washington Jr.,https://cdn.nba.com/headshots/nba/latest/1040x760/1631102.png
712,Javonte Cooke,https://cdn.nba.com/headshots/nba/latest/1040x760/1631451.png
713,Kyle Lowry,https://cdn.nba.com/headshots/nba/latest/1040x760/200768.png
714,Trey Jemison,https://cdn.nba.com/headshots/nba/latest/1040x760/1641998.png
715,Trevor Keels,https://cdn.nba.com/headshots/nba/latest/1040x760/1631211.png
716,Hunter Sallis,https://cdn.nba.com/headshots/nba/latest/1040x760/1642282.png
717,Dario Šarić,https://cdn.nba.com/headshots/nba/latest/1040x760/203967.png
718,Stanley Umude,https://cdn.nba.com/headshots/nba/latest/1040x760/1630649.png
719,Bismack Biyombo,https://cdn.nba.com/headshots/nba/latest/1040x760/202687.png
720,Johni Broome,https://cdn.nba.com/headshots/nba/latest/1040x760/1641780.png
721,N'Faly Dante,https://cdn.nba.com/headshots/nba/latest/1040x760/1642368.png
722,Markelle Fultz,https://cdn.nba.com/headshots/nba/latest/1040x760/1628365.png
723,Vladislav Goldin,https://cdn.nba.com/headshots/nba/latest/1040x760/1642884.png
724,Chris Mañon,https://cdn.nba.com/headshots/nba/latest/1040x760/1643024.png
725,Drew Peterson,https://cdn.nba.com/headshots/nba/latest/1040x760/1641809.png
726,Garrett Temple,https://cdn.nba.com/headshots/nba/latest/1040x760/202066.png
727,Max Shulga,https://cdn.nba.com/headshots/nba/latest/1040x760/1642917.png
728,Jahmyl Telfort,https://cdn.nba.com/headshots/nba/latest/1040x760/1643141.png
729,Darius Brown II,
730,Noa Essengue,https://cdn.nba.com/headshots/nba/latest/1040x760/1642855.png
731,Tosan Evbuomwan,https://cdn.nba.com/headshots/nba/latest/1040x760/1641787.png
732,Chucky Hepburn,https://cdn.nba.com/headshots/nba/latest/1040x760/1642935.png
733,League Average,
