,Player,Age,Team,Season,G,3PA_p100,3P%,eFG%,FT%,MP,PER,TS%,USG%,OWS,DWS,WS/48,OBPM,DBPM,BPM,VORP,Salary,PercentofCap,season_number,ScoringVolume,PlaymakingVolume,ReboundingVolume,StealsVolume,BlocksVolume,TurnoverVolume,ImpactMinutes,EfficientScoring,OffensiveCreation,Is_Guard,Is_Wing,Is_Big,ShootingGravity,accolades,RookieScale,Expected_Percentage,Expected_Salary,SurplusValuePct,PTS,TRB,AST
0,Deni Avdija,25.0,POR,2025,66.0,8.5,0.318,0.521,0.802,33.3,20.3,0.6,29.3,4.5,2.4,0.152,3.7,0.6,4.3,3.5,14375000.0,0.093,6,2290.2,633.6,653.4,72.6,59.4,363.0,143.2,20.8,53.6,0,1,0,-0.3,1,0,0.258,39896382.2,16.4984,24.2,6.9,6.7
1,Austin Reaves,27.0,LAL,2025,51.0,9.1,0.36,0.567,0.871,34.5,20.2,0.641,26.7,4.2,1.4,0.153,3.4,-0.6,2.8,2.1,13937574.0,0.0901,5,1677.9,397.8,341.7,81.6,30.6,214.2,96.6,21.1,48.6,1,0,0,0.1,0,0,0.234,36182448.3,14.3868,23.3,4.7,5.5
2,Kevin Porter Jr.,25.0,MIL,2025,38.0,5.6,0.322,0.51,0.878,33.2,18.7,0.567,24.3,1.5,1.3,0.106,0.8,1.2,2.1,1.3,5134000.0,0.0332,7,980.4,414.2,292.6,121.6,26.6,163.4,69.7,14.6,47.4,1,0,0,-0.2,0,0,0.1725,26669328.5,13.9253,17.4,5.2,7.4
3,James Harden,36.0,2TM,2025,70.0,11.5,0.375,0.529,0.884,34.8,20.7,0.61,28.6,5.6,2.1,0.151,4.6,-0.8,3.9,3.6,39446090.0,0.2551,17,2331.0,784.0,476.0,112.0,42.0,343.0,135.7,20.3,56.0,1,0,0,0.3,0,0,0.3854,59600953.8,13.03,23.6,4.8,8.0
4,Saddiq Bey,26.0,NOP,2025,72.0,8.8,0.367,0.529,0.841,31.2,17.1,0.579,21.6,4.5,1.0,0.116,2.3,-1.8,0.5,1.4,6229755.0,0.0403,6,1951.2,280.8,612.0,100.8,7.2,100.8,15.6,15.7,35.0,0,1,0,0.1,0,0,0.1638,25325555.7,12.3464,17.7,5.6,2.5
5,Payton Pritchard,28.0,BOS,2025,79.0,11.1,0.377,0.561,0.89,32.4,17.1,0.584,21.4,6.1,2.4,0.16,2.6,-0.3,2.3,2.8,7232143.0,0.0468,6,2101.4,639.9,489.8,86.9,15.8,173.8,74.5,15.5,43.1,1,0,0,0.3,0,0,0.1643,25410976.9,11.7516,17.0,3.9,5.2
6,Norman Powell,32.0,MIA,2025,58.0,11.1,0.38,0.558,0.827,29.6,17.5,0.609,27.2,2.3,1.7,0.112,1.8,-0.3,1.6,1.5,20482758.0,0.1324,11,1977.8,226.2,319.0,98.6,23.2,174.0,47.4,20.8,42.2,1,0,0,0.3,1,0,0.2318,35850162.3,9.9419,21.7,3.5,2.5
7,Jalen Duren,22.0,DET,2025,70.0,0.0,0.0,0.65,0.747,28.2,26.1,0.688,23.6,7.2,3.8,0.266,4.4,0.5,5.0,3.5,6483144.0,0.0419,4,2338.0,238.0,1260.0,98.0,98.0,224.0,141.0,23.0,40.2,0,0,1,-0.0,4,1,0.1345,20801779.8,9.2611,19.5,10.5,2.0
8,Ivica Zubac,28.0,2TM,2025,48.0,0.0,0.0,0.598,0.711,30.1,18.6,0.622,19.2,2.6,1.6,0.139,0.7,-0.9,-0.3,0.6,18893980.0,0.1222,10,1113.6,172.8,835.2,28.8,67.2,139.2,-9.0,14.4,30.4,0,0,1,-0.0,0,0,0.2039,31529135.7,8.1678,14.1,10.6,2.2
9,Naji Marshall,28.0,DAL,2025,74.0,4.6,0.291,0.548,0.76,29.5,15.4,0.592,20.5,2.5,1.8,0.095,-0.7,0.1,-0.6,0.8,9000000.0,0.0582,6,1805.6,384.8,555.0,133.2,7.4,192.4,-17.7,14.4,34.5,0,1,0,-0.3,0,0,0.1377,21288481.1,7.9459,15.2,4.7,3.3
10,Onyeka Okongwu,25.0,ATL,2025,74.0,7.9,0.376,0.564,0.757,31.0,15.9,0.592,19.5,2.6,3.3,0.125,-0.1,0.8,0.7,1.6,15000000.0,0.097,6,1709.4,347.8,858.4,125.8,118.4,192.4,21.7,13.7,32.7,0,0,1,0.2,0,0,0.1743,26950654.8,7.7272,15.2,7.6,3.1
11,Victor Wembanyama,22.0,SAS,2025,64.0,9.0,0.349,0.569,0.827,29.2,29.9,0.626,32.4,5.0,5.0,0.257,6.5,4.2,10.7,6.0,13376880.0,0.0865,3,2636.8,326.4,1209.6,108.8,326.4,256.0,312.4,25.8,51.4,0,0,1,-0.0,4,1,0.1637,25308187.2,7.7151,25.0,11.5,3.1
12,Nickeil Alexander-Walker,27.0,ATL,2025,78.0,11.4,0.399,0.564,0.902,33.4,16.5,0.61,23.9,3.6,2.7,0.116,1.6,-0.4,1.2,2.1,15161800.0,0.098,7,2301.0,405.6,382.2,148.2,62.4,226.2,40.1,18.0,40.5,1,0,0,0.6,0,0,0.1733,26807539.8,7.5347,20.8,3.4,3.7
13,Kelly Oubre Jr.,30.0,PHI,2025,50.0,7.3,0.36,0.546,0.766,31.5,13.0,0.58,18.2,1.1,1.6,0.083,-1.3,-0.1,-1.4,0.2,8382150.0,0.0542,11,1080.0,125.0,385.0,105.0,35.0,105.0,-44.1,12.5,26.7,0,1,0,0.1,0,0,0.1252,19368522.3,7.1043,14.1,5.0,1.6
14,Quentin Grimes,25.0,PHI,2025,75.0,8.3,0.334,0.534,0.84,29.4,12.9,0.585,19.0,1.9,1.7,0.078,-0.9,-0.6,-1.6,0.2,8741209.0,0.0565,5,1650.0,397.5,450.0,105.0,45.0,217.5,-47.0,12.9,32.5,1,0,0,-0.1,0,0,0.1271,19652537.5,7.058,13.4,3.6,3.3
15,Nikola Vučević,35.0,2TM,2025,64.0,7.1,0.369,0.556,0.828,28.4,17.7,0.574,21.4,2.5,1.9,0.116,1.4,0.1,1.5,1.6,21481481.0,0.1389,15,1612.8,358.4,896.0,64.0,70.4,140.8,42.6,14.5,36.5,0,0,1,0.1,0,0,0.2083,32214670.1,6.9411,15.1,8.4,3.3
16,Derrick White,31.0,BOS,2025,77.0,12.3,0.327,0.489,0.902,34.1,16.0,0.529,22.0,3.5,3.5,0.129,2.2,1.0,3.2,3.5,28100000.0,0.1817,9,1878.8,616.0,500.5,130.9,146.3,200.2,109.1,12.9,40.1,1,0,0,-0.3,0,0,0.2484,38412705.5,6.669,16.5,4.4,5.4
17,Grayson Allen,30.0,PHO,2025,51.0,15.3,0.349,0.522,0.857,28.8,16.1,0.568,23.8,2.3,1.6,0.127,1.9,0.2,2.1,1.5,16875000.0,0.1091,8,1443.3,336.6,265.2,117.3,20.4,142.8,60.5,16.1,41.5,1,0,0,-0.0,0,0,0.1758,27180380.3,6.6658,16.5,3.0,3.8
18,Marcus Smart,31.0,LAL,2025,62.0,8.1,0.331,0.497,0.822,28.5,9.9,0.543,15.4,0.4,1.6,0.054,-2.9,0.6,-2.2,-0.1,5134000.0,0.0332,12,992.0,316.2,291.4,148.8,37.2,155.0,-62.7,8.7,26.0,1,0,0,-0.2,0,0,0.0965,14921433.7,6.3287,9.3,2.8,3.0
19,Kris Dunn,31.0,LAC,2025,82.0,4.8,0.374,0.56,0.765,27.2,11.3,0.581,12.4,1.7,2.3,0.085,-2.3,1.5,-0.8,0.6,5426400.0,0.0351,10,1090.6,541.2,492.0,237.8,24.6,205.0,-21.8,7.7,26.6,1,0,0,0.1,0,0,0.0967,14950260.2,6.1573,7.3,3.3,3.6
20,Al Horford,39.0,GSW,2025,45.0,10.3,0.361,0.54,0.846,21.5,14.7,0.554,16.5,0.8,1.3,0.105,0.3,1.3,1.6,0.9,5685000.0,0.0368,19,837.0,261.0,495.0,67.5,117.0,94.5,34.4,10.3,30.3,0,0,1,0.1,0,0,0.0977,15110316.4,6.0908,8.3,4.9,2.6
21,Aaron Gordon,30.0,DEN,2025,36.0,7.6,0.389,0.574,0.767,27.9,18.5,0.62,21.9,2.4,0.7,0.153,2.9,-1.2,1.7,0.9,22841455.0,0.1477,12,1018.8,169.2,363.6,36.0,18.0,64.8,47.4,17.5,38.0,0,0,1,0.3,0,0,0.2069,31998434.8,5.9213,16.2,5.8,2.7
22,Josh Hart,30.0,NYK,2025,66.0,6.0,0.413,0.593,0.72,30.2,15.7,0.612,16.7,3.1,3.0,0.147,1.0,2.0,3.0,2.5,19472240.0,0.1259,9,1300.2,521.4,798.6,125.4,26.4,211.2,90.6,12.1,35.9,0,1,0,0.4,0,0,0.1828,28263186.7,5.6859,12.0,7.4,4.8
23,DeMar DeRozan,36.0,SAC,2025,77.0,3.0,0.32,0.52,0.868,31.2,17.8,0.594,22.8,5.2,0.4,0.112,0.9,-1.0,-0.1,1.1,24570000.0,0.1589,17,2194.5,492.8,346.5,123.2,38.5,146.3,-3.1,16.9,41.2,0,0,1,-0.1,0,0,0.2141,33110351.1,5.5203,18.4,2.9,4.1
24,Deandre Ayton,27.0,LAL,2025,72.0,0.0,0.0,0.671,0.645,27.2,18.2,0.676,16.7,4.0,2.2,0.152,0.0,-0.9,-0.9,0.6,8104000.0,0.0524,8,1612.8,108.0,1029.6,72.0,122.4,151.2,-24.5,15.1,25.4,0,0,1,-0.0,0,0,0.1075,16618308.5,5.506,12.5,8.0,0.8
25,Jrue Holiday,35.0,POR,2025,53.0,11.1,0.378,0.548,0.838,29.4,16.4,0.573,23.5,2.1,1.5,0.109,2.4,-0.5,1.9,1.6,32400000.0,0.2095,17,1404.5,524.7,397.5,90.1,10.6,238.5,55.9,15.2,46.6,1,0,0,0.3,0,0,0.2635,40753269.7,5.4024,16.3,4.6,6.1
26,Donte DiVincenzo,29.0,MIN,2025,82.0,12.3,0.379,0.552,0.743,30.4,12.5,0.567,16.9,2.3,2.9,0.1,0.0,0.7,0.8,1.7,11990000.0,0.0775,8,1566.2,492.0,524.8,164.0,57.4,188.6,24.3,10.8,31.5,1,0,0,0.4,0,0,0.1299,20094532.5,5.2438,12.2,4.1,3.8
27,Aaron Nesmith,26.0,IND,2025,45.0,9.9,0.379,0.517,0.829,29.7,10.8,0.554,19.8,0.1,0.6,0.026,-1.7,-1.6,-3.4,-0.5,11000000.0,0.0711,6,994.5,139.5,301.5,40.5,36.0,99.0,-101.0,12.2,28.6,0,1,0,0.3,0,0,0.1204,18627182.8,4.935,13.8,4.2,1.9
28,Julius Randle,31.0,MIN,2025,79.0,6.3,0.315,0.526,0.802,33.0,18.4,0.585,26.5,4.3,3.1,0.135,1.5,0.0,1.5,2.3,30864198.0,0.1996,12,2409.5,576.7,766.3,126.4,23.7,316.0,49.5,17.8,44.9,0,0,1,-0.2,0,0,0.2487,38455600.3,4.9067,21.1,6.7,5.0
29,Paul Reed,26.0,DET,2025,65.0,2.1,0.325,0.636,0.664,13.9,24.2,0.65,20.6,2.4,2.1,0.239,2.4,2.9,5.3,1.6,5335894.0,0.0345,6,1761.5,279.5,1027.0,201.5,208.0,201.5,73.7,17.6,35.6,0,0,1,-0.1,0,0,0.0771,11927836.4,4.2629,7.8,4.5,1.2
30,Tre Jones,26.0,CHI,2025,65.0,3.5,0.315,0.586,0.841,27.0,18.7,0.637,19.2,4.6,1.1,0.157,1.2,0.1,1.3,1.5,8000000.0,0.0517,6,1586.0,611.0,357.5,130.0,19.5,162.5,35.1,15.5,43.1,1,0,0,-0.1,0,0,0.0942,14565772.8,4.2487,14.1,3.1,5.4
31,Jusuf Nurkić,31.0,UTA,2025,41.0,3.1,0.352,0.538,0.549,26.4,16.4,0.548,19.3,0.4,1.1,0.068,-0.5,1.6,1.1,0.9,19375000.0,0.1253,12,795.4,348.5,754.4,94.3,41.0,180.4,29.0,10.6,36.4,0,0,1,0.0,0,0,0.1669,25805774.1,4.1569,10.9,10.4,4.8
32,Devin Booker,29.0,PHO,2025,64.0,8.5,0.33,0.507,0.873,33.5,20.4,0.585,32.2,4.7,1.8,0.145,3.2,-1.0,2.2,2.3,53142264.0,0.3436,11,2457.6,569.6,364.8,76.8,25.6,294.4,73.7,22.5,56.0,1,0,0,-0.2,1,0,0.3851,59556474.0,4.1512,26.1,3.9,6.0
33,Nick Richards,28.0,2TM,2025,48.0,1.2,0.278,0.525,0.644,14.6,11.9,0.562,18.2,-0.2,0.8,0.04,-4.9,-1.2,-6.1,-0.7,5000000.0,0.0323,6,902.4,52.8,792.0,33.6,105.6,192.0,-89.1,10.6,20.9,0,0,1,-0.1,0,0,0.0725,11216014.3,4.0227,5.8,5.1,0.3
34,Andre Drummond,32.0,PHI,2025,63.0,3.5,0.356,0.519,0.631,19.5,16.4,0.539,14.9,1.5,1.9,0.133,-0.4,-0.2,-0.6,0.4,5000000.0,0.0323,14,995.4,195.3,1316.7,94.5,119.7,151.2,-11.7,8.5,22.0,0,0,1,0.0,0,0,0.0709,10970692.1,3.864,6.4,8.4,1.3
35,Wendell Carter Jr.,26.0,ORL,2025,78.0,4.7,0.319,0.568,0.792,29.3,14.1,0.617,15.6,3.4,2.8,0.131,-1.0,0.5,-0.6,0.8,10850000.0,0.0702,8,1513.2,249.6,943.8,101.4,78.0,163.8,-17.6,12.0,25.7,0,0,1,-0.1,0,0,0.1075,16618607.1,3.7262,11.8,7.4,2.0
36,Kawhi Leonard,34.0,LAC,2025,65.0,10.6,0.387,0.573,0.892,32.1,27.9,0.629,33.5,6.5,2.7,0.212,7.4,0.6,8.0,5.3,50000000.0,0.3233,15,2814.5,364.0,643.5,188.5,39.0,208.0,256.8,27.2,54.9,0,1,0,0.4,4,0,0.3605,55747515.7,3.7182,27.9,6.4,3.6
37,Sam Merrill,29.0,CLE,2025,52.0,13.1,0.421,0.624,0.855,26.5,13.6,0.644,17.0,2.8,0.9,0.127,1.0,-1.0,0.1,0.7,8482144.0,0.0548,6,1201.2,228.8,239.2,62.4,10.4,78.0,2.7,14.9,32.8,1,0,0,0.9,0,0,0.0898,13892876.1,3.5036,12.8,2.6,2.4
38,Coby White,25.0,2TM,2025,50.0,12.1,0.362,0.539,0.817,25.0,16.1,0.595,28.8,1.2,0.7,0.076,0.6,-1.9,-1.3,0.2,12888889.0,0.0833,7,1655.0,380.0,325.0,50.0,10.0,245.0,-32.5,19.7,48.4,1,0,0,0.1,0,0,0.1155,17860130.2,3.219,17.4,3.4,4.0
39,Ayo Dosunmu,26.0,2TM,2025,69.0,7.0,0.439,0.599,0.876,27.3,16.5,0.63,20.2,3.5,1.3,0.124,1.3,-0.3,1.0,1.4,7518518.0,0.0486,5,1766.4,427.8,407.1,103.5,34.5,165.6,27.3,16.1,38.6,1,0,0,0.6,0,0,0.0798,12346387.0,3.1236,14.8,3.4,3.6
40,Royce O'Neale,32.0,PHO,2025,78.0,11.6,0.408,0.59,0.711,28.4,11.6,0.596,14.3,1.9,2.7,0.1,-0.3,1.0,0.7,1.5,10125000.0,0.0655,9,1333.8,358.8,647.4,148.2,54.6,179.4,19.9,10.2,27.0,0,1,0,0.7,0,0,0.0956,14786024.4,3.0111,9.8,4.8,2.7
41,Andrew Wiggins,30.0,MIA,2025,68.0,7.5,0.414,0.559,0.784,30.3,15.1,0.586,19.7,2.2,2.3,0.106,0.7,0.5,1.2,1.7,28223215.0,0.1825,12,1598.0,278.8,503.2,115.6,108.8,156.4,36.4,13.8,32.2,0,1,0,0.5,0,0,0.2117,32732604.0,2.916,15.4,4.8,2.7
42,T.J. McConnell,33.0,IND,2025,56.0,2.5,0.32,0.556,0.862,17.2,20.5,0.567,23.2,1.8,0.8,0.132,2.1,0.4,2.5,1.1,10200000.0,0.066,11,1450.4,795.2,341.6,156.8,28.0,179.2,43.0,14.7,54.2,1,0,0,-0.1,0,0,0.095,14690747.6,2.8995,9.4,2.2,5.1
43,Brook Lopez,37.0,LAC,2025,75.0,9.6,0.36,0.533,0.757,21.8,12.3,0.552,17.2,0.5,1.8,0.068,-1.3,0.4,-0.9,0.5,8750000.0,0.0566,18,1447.5,225.0,622.5,105.0,195.0,142.5,-19.6,10.7,25.4,0,0,1,0.1,0,0,0.0842,13023649.0,2.7615,8.5,3.6,1.3
44,Jalen Johnson,24.0,ATL,2025,72.0,6.4,0.352,0.537,0.788,35.2,20.4,0.581,27.0,3.6,3.9,0.141,2.8,1.4,4.2,4.0,30000000.0,0.194,5,2174.4,763.2,993.6,122.4,43.2,331.2,147.8,17.5,51.4,0,1,0,0.0,4,0,0.2203,34064207.2,2.6271,22.5,10.3,7.9
45,Dillon Brooks,30.0,PHO,2025,56.0,10.7,0.344,0.501,0.842,30.4,14.1,0.54,28.6,0.4,1.6,0.058,-1.0,-1.3,-2.3,-0.1,22124110.0,0.1431,9,1836.8,162.4,330.4,95.2,16.8,156.8,-69.9,17.7,38.5,0,1,0,-0.1,0,0,0.1692,26169443.9,2.6121,20.2,3.6,1.8
46,John Konchar,29.0,2TM,2025,56.0,4.2,0.283,0.543,0.727,19.9,13.6,0.568,9.4,1.2,1.2,0.104,-1.3,2.2,0.9,0.8,6165000.0,0.0399,7,588.0,280.0,565.6,196.0,89.6,84.0,17.9,6.0,20.2,1,0,0,-0.3,0,0,0.066,10200031.6,2.6057,4.4,4.3,2.1
47,Dean Wade,29.0,CLE,2025,59.0,7.1,0.362,0.567,0.711,22.3,10.9,0.58,9.9,1.7,1.4,0.114,-0.8,1.0,0.2,0.7,6623456.0,0.0428,7,737.5,188.8,531.0,94.4,47.2,35.4,4.5,7.2,19.0,0,0,1,0.1,0,0,0.0688,10635723.3,2.5974,5.8,4.2,1.5
48,P.J. Washington,27.0,DAL,2025,56.0,6.4,0.325,0.508,0.687,31.0,13.1,0.537,20.1,-0.3,2.0,0.046,-1.7,0.1,-1.6,0.2,14152174.0,0.0915,7,1204.0,151.2,599.2,84.0,89.6,145.6,-49.6,11.5,26.7,0,0,1,-0.2,0,0,0.1159,17929690.8,2.4439,14.2,7.0,1.8
49,Davion Mitchell,27.0,MIA,2025,70.0,5.3,0.395,0.574,0.646,28.6,12.1,0.582,13.6,2.6,1.7,0.104,-1.3,0.4,-0.9,0.6,11600000.0,0.075,5,1064.0,735.0,301.0,112.0,21.0,175.0,-25.7,8.8,36.4,1,0,0,0.2,0,0,0.099,15303753.9,2.3959,9.3,2.7,6.5
50,Bobby Portis,30.0,MIL,2025,67.0,9.0,0.456,0.578,0.706,24.2,17.1,0.587,23.1,1.6,1.2,0.083,1.5,-1.6,0.0,0.8,13445754.0,0.0869,11,1862.6,214.4,871.0,80.4,26.8,134.0,0.0,16.3,35.2,0,0,1,1.0,0,0,0.1095,16930619.9,2.2579,13.7,6.4,1.6
51,Tobias Harris,33.0,DET,2025,63.0,6.2,0.368,0.531,0.866,27.7,15.0,0.574,18.8,2.6,2.7,0.145,0.6,0.8,1.4,1.5,26634146.0,0.1722,15,1461.6,270.9,560.7,100.8,44.1,107.1,38.8,13.3,31.9,0,0,1,0.1,0,0,0.1947,30112070.4,2.2515,13.3,5.1,2.5
52,Ziaire Williams,24.0,BRK,2025,56.0,9.7,0.343,0.524,0.85,22.9,12.4,0.579,18.9,0.5,1.1,0.059,-2.0,0.4,-1.7,0.1,6250000.0,0.0404,5,1237.6,128.8,291.2,162.4,44.8,128.8,-38.9,12.8,26.6,0,1,0,-0.1,0,0,0.0624,9644453.3,2.1964,10.2,2.4,1.1
53,Day'Ron Sharpe,24.0,BRK,2025,62.0,1.7,0.231,0.614,0.678,18.7,20.5,0.638,19.9,2.0,1.5,0.144,0.4,1.0,1.4,1.0,6250000.0,0.0404,5,1426.0,384.4,1091.2,179.8,68.2,279.0,26.2,14.7,35.2,0,0,1,-0.2,0,0,0.0607,9394180.4,2.0346,8.7,6.7,2.3
54,Alperen Şengün,23.0,HOU,2025,72.0,2.7,0.305,0.537,0.691,33.3,21.4,0.569,26.6,4.4,3.6,0.161,2.7,1.5,4.2,3.7,33944954.0,0.2195,5,2196.0,669.6,957.6,129.6,115.2,338.4,139.9,17.4,49.0,0,0,1,-0.1,1,0,0.2395,37045389.9,2.0048,20.4,8.9,6.2
55,Jalen Brunson,29.0,NYK,2025,74.0,10.1,0.369,0.533,0.841,35.0,20.1,0.58,30.4,6.5,2.2,0.163,4.0,-0.9,3.1,3.3,34944001.0,0.226,8,2730.6,710.4,347.8,81.4,14.8,251.6,108.5,21.4,56.3,1,0,0,0.2,4,0,0.2459,38021684.5,1.9861,26.0,3.3,6.8
56,Derrick Jones Jr.,28.0,LAC,2025,50.0,5.6,0.359,0.571,0.763,27.0,13.3,0.6,15.1,1.7,1.1,0.1,-0.6,-0.1,-0.7,0.5,10000000.0,0.0647,10,930.0,125.0,320.0,85.0,90.0,75.0,-18.9,11.2,23.7,0,1,0,0.1,0,0,0.0835,12906516.6,1.8758,10.1,3.5,1.4
57,Luke Kornet,30.0,SAS,2025,68.0,0.0,0.0,0.643,0.825,21.0,17.9,0.689,10.3,4.6,2.3,0.231,1.6,2.1,3.6,2.0,11000000.0,0.0711,9,1013.2,285.6,945.2,74.8,149.6,61.2,75.6,10.3,23.3,0,0,1,-0.0,0,0,0.0895,13844920.1,1.8426,6.5,6.1,1.9
58,Sam Hauser,28.0,BOS,2025,78.0,13.2,0.393,0.584,0.85,24.8,11.9,0.59,14.5,2.9,2.1,0.124,0.6,0.0,0.6,1.3,10044644.0,0.065,5,1466.4,234.0,616.2,78.0,46.8,70.2,14.9,11.1,25.4,0,0,1,0.6,0,0,0.0828,12799002.8,1.7763,9.2,3.8,1.5
59,Nicolas Batum,37.0,LAC,2025,74.0,8.8,0.404,0.597,0.818,17.5,8.4,0.603,9.6,0.6,1.2,0.066,-1.7,0.7,-1.0,0.3,5601600.0,0.0362,18,836.2,185.0,525.4,133.2,66.6,103.6,-17.5,6.8,16.8,0,0,1,0.5,0,0,0.0532,8232311.0,1.7033,4.0,2.5,0.9
60,Trey Murphy III,25.0,NOP,2025,66.0,11.5,0.379,0.572,0.886,35.5,18.3,0.613,22.7,4.5,1.6,0.123,3.0,-0.6,2.4,2.6,25000000.0,0.1617,5,1914.0,336.6,508.2,132.0,33.0,165.0,85.2,17.8,39.5,0,1,0,0.3,0,0,0.1784,27583616.7,1.6665,21.5,5.7,3.8
61,Jarrett Allen,27.0,CLE,2025,56.0,0.3,0.1,0.639,0.709,27.1,22.1,0.669,19.9,4.2,2.2,0.202,2.2,0.4,2.6,1.8,20000000.0,0.1293,9,1523.2,179.2,845.6,95.2,84.0,134.4,70.5,18.2,33.5,0,0,1,-0.1,0,0,0.1452,22460731.9,1.5939,15.4,8.5,1.8
62,Jamal Murray,28.0,DEN,2025,75.0,10.4,0.435,0.573,0.887,35.4,21.8,0.622,27.9,7.8,1.7,0.173,5.5,-1.4,4.1,4.1,46394100.0,0.3,10,2632.5,735.0,457.5,90.0,37.5,232.5,145.1,21.8,55.6,1,0,0,0.9,4,0,0.3159,48850893.1,1.5886,25.4,4.4,7.1
63,Bub Carrington,20.0,WAS,2025,82.0,8.6,0.408,0.538,0.73,27.7,9.9,0.556,18.0,-0.3,-0.1,-0.009,-2.2,-2.5,-4.7,-1.6,4677600.0,0.0302,2,1500.6,647.8,475.6,90.2,32.8,328.0,-130.2,10.2,34.6,1,0,0,0.5,0,1,0.0459,7105392.7,1.5746,10.7,3.4,4.6
64,Mikal Bridges,29.0,NYK,2025,82.0,7.7,0.371,0.571,0.827,32.8,15.3,0.587,17.3,4.7,3.3,0.143,1.3,1.4,2.7,3.2,24900000.0,0.161,8,1787.6,459.2,467.4,164.0,90.2,123.0,88.6,12.8,33.2,0,1,0,0.2,0,0,0.175,27069968.1,1.4044,14.4,3.8,3.7
65,Josh Giddey,23.0,CHI,2025,54.0,7.7,0.364,0.52,0.763,32.1,18.0,0.562,24.4,1.6,1.7,0.09,2.3,0.4,2.7,2.0,25000000.0,0.1617,5,1344.6,723.6,653.4,81.0,37.8,286.2,86.7,14.0,51.8,1,0,0,0.1,0,0,0.1745,26979043.4,1.2756,17.0,8.3,9.1
66,Miles Bridges,27.0,CHO,2025,77.0,9.2,0.333,0.531,0.822,31.0,16.0,0.57,22.3,4.0,2.5,0.13,1.2,-0.1,1.1,1.9,25000000.0,0.1617,8,2102.1,392.7,716.1,77.0,53.9,169.4,34.1,15.6,37.3,0,0,1,-0.2,0,0,0.1741,26927281.4,1.2421,17.1,5.8,3.2
67,Aaron Wiggins,27.0,OKC,2025,65.0,9.2,0.356,0.521,0.736,21.8,11.7,0.538,19.9,-0.4,2.5,0.072,-1.7,0.7,-0.9,0.4,9887850.0,0.0639,5,1358.5,240.5,442.0,136.5,65.0,182.0,-19.6,11.2,28.4,1,0,0,0.1,0,0,0.0763,11797289.4,1.2385,9.4,3.1,1.7
68,Dyson Daniels,22.0,ATL,2025,76.0,2.2,0.188,0.532,0.615,33.2,15.5,0.542,16.0,3.1,3.6,0.126,-0.6,1.8,1.3,2.1,7707709.0,0.0498,4,1284.4,638.4,737.2,212.8,45.6,190.0,43.2,9.2,33.3,1,0,0,-0.4,0,1,0.0619,9571510.8,1.2093,11.9,6.8,5.9
69,Moses Moody,23.0,GSW,2025,60.0,11.9,0.401,0.575,0.77,25.7,13.5,0.6,18.3,1.7,1.4,0.096,0.2,-0.3,-0.1,0.7,11574075.0,0.0748,5,1374.0,186.0,378.0,108.0,66.0,108.0,-2.6,13.7,29.7,1,0,0,0.6,0,0,0.0843,13037160.6,0.9503,12.1,3.3,1.6
70,Christian Braun,24.0,DEN,2025,44.0,5.0,0.301,0.575,0.782,31.8,12.6,0.607,14.8,2.2,0.8,0.103,-0.4,-0.9,-1.2,0.3,4921797.0,0.0318,4,805.2,184.8,325.6,44.0,17.6,66.0,-38.2,11.1,26.5,1,0,0,-0.2,0,1,0.0403,6227310.2,0.8468,12.0,4.8,2.7
71,Matas Buzelis,21.0,CHI,2025,77.0,10.3,0.349,0.553,0.786,29.2,14.8,0.586,22.8,0.4,2.1,0.055,-0.6,-0.4,-1.0,0.5,5455560.0,0.0353,2,2009.7,254.1,716.1,84.7,184.8,254.1,-29.2,15.3,32.7,0,0,1,-0.0,0,1,0.0433,6693334.9,0.7981,16.3,5.8,2.1
72,Mark Williams,24.0,PHO,2025,60.0,0.0,1.0,0.645,0.771,23.6,21.8,0.68,17.4,4.0,2.3,0.215,1.5,0.5,2.0,1.4,6276531.0,0.0406,4,1464.0,120.0,996.0,114.0,114.0,138.0,47.2,16.6,28.4,0,0,1,0.0,0,1,0.0484,7481524.8,0.7778,11.7,8.0,1.0
73,Isaiah Joe,26.0,OKC,2025,71.0,13.7,0.423,0.622,0.894,21.2,15.5,0.657,18.4,3.2,2.4,0.176,2.0,0.5,2.5,1.7,12362338.0,0.0799,6,1789.2,213.0,411.8,113.6,28.4,99.4,53.0,16.6,32.2,1,0,0,1.0,0,0,0.0877,13556249.8,0.7759,11.1,2.5,1.3
74,Luke Kennard,29.0,2TM,2025,78.0,7.0,0.478,0.665,0.913,21.6,13.5,0.689,13.5,3.2,1.4,0.13,0.1,0.1,0.1,0.9,11000000.0,0.0711,9,1450.8,390.0,405.6,124.8,15.6,132.6,2.2,12.8,29.5,1,0,0,0.9,0,0,0.0785,12137214.3,0.7383,8.4,2.3,2.2
75,Stephon Castle,21.0,SAS,2025,68.0,5.7,0.332,0.521,0.734,30.0,17.4,0.575,24.9,2.8,2.9,0.136,1.0,0.9,1.9,2.0,9560520.0,0.0618,2,1815.6,802.4,578.0,122.4,27.2,346.8,57.0,15.4,50.2,1,0,0,-0.1,0,1,0.0689,10653539.5,0.7089,16.7,5.3,7.4
76,Mitchell Robinson,27.0,NYK,2025,60.0,0.0,0.0,0.723,0.408,19.6,21.1,0.676,10.7,3.3,2.5,0.236,1.9,1.5,3.5,1.6,12954546.0,0.0838,8,858.0,132.0,1332.0,144.0,180.0,102.0,68.6,9.7,18.7,0,0,1,-0.0,0,0,0.0907,14030549.4,0.6926,5.7,8.8,0.9
77,Guerschon Yabusele,30.0,2TM,2025,67.0,9.3,0.352,0.511,0.75,15.0,11.1,0.543,16.1,0.4,1.0,0.067,-1.7,-0.5,-2.2,-0.1,5500000.0,0.0356,9,1185.9,201.0,743.7,80.4,53.6,127.3,-33.0,9.6,23.7,0,0,1,0.0,0,0,0.0419,6477152.8,0.6283,5.6,3.5,0.9
78,Clint Capela,31.0,HOU,2025,75.0,0.1,0.5,0.522,0.577,12.3,17.9,0.54,13.7,1.3,1.7,0.156,-0.5,0.9,0.4,0.6,6700000.0,0.0433,12,1140.0,202.5,1395.0,142.5,255.0,165.0,4.9,8.2,20.6,0,0,1,0.0,0,0,0.0491,7592549.1,0.5796,3.8,4.6,0.7
79,Jalen Smith,25.0,CHI,2025,53.0,9.4,0.373,0.584,0.742,20.7,16.6,0.608,19.0,1.5,1.1,0.114,0.2,-0.9,-0.7,0.4,9000000.0,0.0582,6,1224.3,148.4,805.6,53.0,95.4,121.9,-14.5,14.0,28.9,0,0,1,0.2,0,0,0.0632,9778946.5,0.5034,10.2,6.7,1.2
80,Santi Aldama,25.0,MEM,2025,43.0,7.9,0.35,0.553,0.667,27.9,16.3,0.572,20.2,1.3,1.0,0.092,1.3,0.4,1.7,1.1,18485916.0,0.1195,5,1023.4,215.0,485.9,64.5,51.6,94.6,47.4,13.6,33.8,0,0,1,0.0,0,0,0.1242,19203669.3,0.4677,14.0,6.7,2.9
81,Max Christie,22.0,DAL,2025,77.0,9.4,0.404,0.566,0.899,29.1,11.0,0.601,16.5,1.3,1.4,0.058,-1.0,-0.6,-1.5,0.3,7714286.0,0.0499,4,1532.3,246.4,400.4,77.0,46.2,154.0,-43.7,12.0,26.8,1,0,0,0.5,0,1,0.0542,8380552.1,0.4291,12.3,3.2,2.0
82,Jeremiah Fears,19.0,NOP,2025,82.0,6.9,0.33,0.485,0.789,25.8,13.8,0.525,25.5,-0.8,1.4,0.015,-1.4,-1.3,-2.7,-0.4,7520040.0,0.0486,1,2173.0,516.6,557.6,180.4,57.4,328.0,-69.7,13.9,39.0,1,0,0,-0.1,0,1,0.0527,8156991.1,0.4146,14.3,3.7,3.4
83,Derik Queen,21.0,NOP,2025,81.0,2.1,0.261,0.489,0.795,25.0,15.9,0.546,21.8,0.4,2.3,0.063,-1.5,0.7,-0.8,0.6,5157960.0,0.0334,1,1814.4,567.0,1093.5,162.0,137.7,364.5,-20.0,12.2,36.2,0,0,1,-0.2,0,1,0.0367,5675990.0,0.3303,11.7,7.1,3.7
84,Bennedict Mathurin,23.0,2TM,2025,54.0,7.1,0.315,0.485,0.869,30.0,14.7,0.575,25.2,1.0,1.1,0.062,-1.1,-1.4,-2.5,-0.2,9187573.0,0.0594,4,1533.6,210.6,475.2,70.2,21.6,189.0,-75.0,16.3,36.0,0,1,0,-0.2,0,1,0.0619,9566996.7,0.2463,17.6,5.4,2.4
85,Tari Eason,24.0,HOU,2025,60.0,8.4,0.358,0.496,0.776,25.8,12.9,0.514,18.7,0.6,2.3,0.091,-1.8,0.2,-1.6,0.2,5675766.0,0.0367,4,1212.0,174.0,726.0,138.0,54.0,156.0,-41.3,10.4,26.1,0,0,1,0.1,0,1,0.0387,5979963.5,0.1968,10.5,6.3,1.5
86,Cedric Coward,22.0,MEM,2025,62.0,8.2,0.338,0.542,0.843,25.8,15.3,0.585,21.5,1.4,1.1,0.076,0.4,-0.6,-0.2,0.7,5715120.0,0.037,1,1550.0,316.2,669.6,74.4,49.6,192.2,-5.2,14.6,35.1,1,0,0,-0.1,0,1,0.0387,5986069.3,0.1708,13.6,5.9,2.8
87,Shai Gilgeous-Alexander,27.0,OKC,2025,68.0,6.4,0.386,0.597,0.879,33.2,30.8,0.665,33.4,11.1,4.1,0.323,8.7,3.0,11.7,7.8,38333050.0,0.2479,8,3080.4,652.8,428.4,136.0,74.8,217.6,388.4,30.1,64.7,1,0,0,0.2,4,0,0.2491,38528146.5,0.1236,31.1,4.3,6.6
88,Donovan Mitchell,29.0,CLE,2025,70.0,12.6,0.364,0.563,0.865,33.5,22.9,0.613,32.2,5.8,2.4,0.169,5.2,-0.2,5.1,4.2,46394100.0,0.3,9,2807.0,574.0,455.0,147.0,28.0,287.0,170.8,24.6,56.7,1,0,0,0.2,4,0,0.3008,46523182.0,0.0835,27.9,4.5,5.7
89,Moritz Wagner,28.0,ORL,2025,36.0,7.9,0.314,0.482,0.819,11.9,15.3,0.545,24.3,0.4,0.6,0.104,-1.4,-0.8,-2.2,0.0,5000000.0,0.0323,8,1000.8,108.0,464.4,61.2,7.2,75.6,-26.2,15.2,33.5,0,0,1,-0.3,0,0,0.033,5099584.6,0.0676,6.9,3.2,0.8
90,Isaiah Stewart,24.0,DET,2025,58.0,4.4,0.333,0.6,0.756,22.7,15.2,0.632,16.6,1.9,2.1,0.149,-1.1,1.1,0.0,0.7,15000000.0,0.097,6,1235.4,139.2,614.8,34.8,197.2,145.0,0.0,13.5,26.0,0,0,1,-0.1,0,0,0.0974,15066238.9,0.0423,10.0,5.0,1.1
91,Isaac Okoro,25.0,CHI,2025,63.0,6.1,0.33,0.539,0.795,26.9,9.8,0.574,13.6,1.4,0.7,0.061,-3.0,-0.8,-3.8,-0.8,11000000.0,0.0711,6,1014.3,176.4,302.4,81.9,50.4,81.9,-102.2,9.2,21.6,1,0,0,-0.1,0,0,0.0713,11029632.1,0.0221,9.3,2.7,1.6
92,Bam Adebayo,28.0,MIA,2025,73.0,7.8,0.318,0.497,0.778,32.4,18.7,0.551,25.0,2.8,3.6,0.129,1.5,0.4,2.0,2.4,37096620.0,0.2399,9,2102.4,335.8,1051.2,124.1,73.0,175.2,64.8,15.9,37.8,0,0,1,-0.2,0,0,0.24,37111158.5,0.0073,20.1,10.0,3.2
93,Anthony Black,22.0,ORL,2025,64.0,7.5,0.333,0.512,0.732,29.8,13.7,0.549,22.2,0.3,2.4,0.067,-1.2,0.7,-0.6,0.7,7970280.0,0.0515,3,1542.4,377.6,390.4,147.2,70.4,211.2,-17.9,13.2,35.8,1,0,0,-0.1,0,1,0.0515,7969843.8,0.0036,15.0,3.8,3.7
94,Jerami Grant,31.0,POR,2025,57.0,9.9,0.389,0.547,0.814,29.7,15.4,0.608,23.8,2.6,1.4,0.114,0.9,-0.9,0.0,0.9,32000001.0,0.2069,12,1704.3,193.8,319.2,68.4,57.0,193.8,0.0,18.2,37.1,0,0,1,0.4,0,0,0.206,31856044.3,-0.0908,18.6,3.5,2.1
95,Shaedon Sharpe,22.0,POR,2025,50.0,9.9,0.337,0.511,0.787,29.4,15.3,0.546,30.5,-0.4,1.6,0.041,-0.4,-0.9,-1.4,0.2,8399983.0,0.0543,4,1690.0,215.0,350.0,115.0,10.0,240.0,-41.2,18.5,42.3,1,0,0,-0.1,0,1,0.053,8197469.4,-0.1292,20.8,4.3,2.6
96,Reed Sheppard,21.0,HOU,2025,82.0,13.4,0.394,0.55,0.802,26.2,15.7,0.564,21.7,2.7,3.1,0.131,1.2,1.5,2.7,2.5,10603560.0,0.0686,2,2115.6,524.8,451.0,229.6,106.6,237.8,70.7,14.6,39.2,1,0,0,0.6,0,1,0.0669,10345609.9,-0.1702,13.5,2.9,3.4
97,Goga Bitadze,26.0,ORL,2025,64.0,0.5,0.182,0.68,0.711,15.2,20.1,0.7,13.5,2.8,1.6,0.218,0.8,2.0,2.8,1.2,8333333.0,0.0539,7,1184.0,268.8,1011.2,115.2,192.0,134.4,42.6,13.0,26.8,0,0,1,-0.1,0,0,0.0512,7925637.3,-0.265,5.9,5.0,1.3
98,Jaden Hardy,23.0,2TM,2025,57.0,13.8,0.397,0.545,0.733,15.8,10.9,0.566,24.4,-0.3,0.1,-0.01,-1.5,-3.3,-4.8,-0.6,6000000.0,0.0388,4,1567.5,176.7,256.5,45.6,17.1,188.1,-75.8,15.6,34.3,1,0,0,0.6,0,1,0.0361,5588151.4,-0.2665,9.2,1.5,1.0
99,Brandon Ingram,28.0,TOR,2025,77.0,6.6,0.382,0.529,0.82,33.8,16.3,0.573,26.9,1.5,3.1,0.084,1.0,-0.5,0.5,1.7,38095238.0,0.2463,10,2387.0,408.1,623.7,84.7,77.0,269.5,16.9,17.8,41.8,0,1,0,0.2,1,0,0.2432,37608717.7,-0.3109,21.5,5.6,3.7
100,Jake LaRavia,24.0,LAL,2025,82.0,5.8,0.321,0.533,0.763,25.1,11.9,0.571,14.4,1.7,2.1,0.089,-1.6,0.5,-1.2,0.4,6000000.0,0.0388,4,1312.0,278.8,631.4,205.0,73.8,172.2,-30.1,9.1,22.6,0,0,1,-0.2,0,1,0.0346,5354606.5,-0.4175,8.2,4.0,1.8
101,CJ McCollum,34.0,2TM,2025,76.0,10.7,0.375,0.538,0.772,29.8,15.9,0.566,25.7,1.9,1.0,0.063,1.4,-1.7,-0.3,1.0,30666666.0,0.1983,13,2257.2,463.6,402.8,98.8,53.2,212.8,-8.9,16.8,42.2,1,0,0,0.3,0,0,0.1938,29974875.8,-0.4472,18.7,3.3,3.9
102,Kenrich Williams,31.0,OKC,2025,56.0,7.3,0.388,0.557,0.635,15.3,14.2,0.569,18.3,0.8,1.5,0.13,-0.1,0.3,0.2,0.5,7163000.0,0.0463,8,1148.0,252.0,593.6,100.8,16.8,134.4,3.1,11.7,29.8,0,0,1,0.3,0,0,0.0415,6416799.8,-0.4807,6.5,3.3,1.4
103,Gradey Dick,22.0,TOR,2025,76.0,8.5,0.301,0.492,0.875,14.0,10.7,0.538,18.7,0.2,1.3,0.064,-3.2,-0.4,-3.6,-0.4,4990560.0,0.0323,3,1580.8,174.8,509.2,159.6,22.8,152.0,-50.4,11.2,25.0,1,0,0,-0.4,0,1,0.0271,4194778.2,-0.5175,6.0,1.9,0.7
104,Isaiah Jackson,24.0,2TM,2025,55.0,0.2,0.0,0.637,0.648,16.5,17.3,0.653,16.2,1.4,1.2,0.139,-1.9,0.8,-1.2,0.2,7600000.0,0.0491,5,1078.0,154.0,847.0,104.5,143.0,170.5,-19.8,12.8,25.1,0,0,1,-0.1,0,0,0.0436,6749134.7,-0.5458,6.7,5.3,0.9
105,Cody Williams,21.0,UTA,2025,67.0,3.8,0.214,0.495,0.706,24.3,9.6,0.524,16.0,0.0,0.1,0.004,-3.6,-1.9,-5.5,-1.5,5742480.0,0.0371,2,1132.3,261.3,381.9,100.5,46.9,140.7,-133.6,8.9,24.2,1,0,0,-0.5,0,1,0.0315,4870636.3,-0.5605,8.8,3.0,2.0
106,Jonas Valančiūnas,33.0,DEN,2025,65.0,1.5,0.308,0.592,0.772,13.4,22.0,0.63,26.1,1.8,1.1,0.162,0.5,-0.5,0.0,0.4,10395000.0,0.0672,14,2067.0,286.0,1196.0,52.0,136.5,266.5,0.0,20.0,40.5,0,0,1,-0.1,0,0,0.0612,9464495.5,-0.5999,8.7,5.1,1.2
107,Jarace Walker,22.0,IND,2025,76.0,8.7,0.374,0.51,0.749,25.7,11.5,0.543,20.7,-1.0,1.5,0.013,-1.8,-0.7,-2.4,-0.2,6665520.0,0.0431,3,1634.0,357.2,722.0,114.0,45.6,258.4,-61.7,11.7,31.1,0,0,1,0.2,0,1,0.0361,5578352.3,-0.7028,11.6,5.1,2.5
108,Bilal Coulibaly,21.0,WAS,2025,56.0,6.6,0.319,0.485,0.746,26.2,13.5,0.531,19.9,0.2,0.8,0.031,-1.7,-0.4,-2.1,-0.1,7275600.0,0.047,3,1187.2,263.2,436.8,134.4,95.2,145.6,-55.0,11.3,30.4,1,0,0,-0.2,0,1,0.0392,6056501.6,-0.7837,11.7,4.3,2.6
109,Carter Bryant,20.0,SAS,2025,71.0,9.1,0.335,0.506,0.714,11.5,9.9,0.526,16.3,0.1,1.2,0.076,-3.1,0.2,-3.0,-0.2,4900320.0,0.0317,1,1242.5,198.8,745.5,63.9,99.4,134.9,-34.5,9.2,23.0,0,0,1,-0.1,0,1,0.0237,3659260.3,-0.8038,4.2,2.5,0.7
110,Tre Mann,24.0,CHO,2025,53.0,11.5,0.323,0.442,0.852,12.6,8.3,0.462,23.3,-0.8,0.7,-0.003,-4.5,-0.8,-5.3,-0.5,8000000.0,0.0517,5,1144.8,339.2,360.4,100.7,21.2,212.0,-66.8,10.0,34.1,1,0,0,-0.3,0,0,0.0434,6715742.4,-0.8274,5.5,1.7,1.6
111,Ausar Thompson,23.0,DET,2025,73.0,0.6,0.25,0.53,0.571,26.0,16.2,0.545,16.9,1.5,4.1,0.144,-0.6,3.6,3.1,2.4,8775000.0,0.0567,3,1343.2,423.4,781.1,270.1,131.4,204.4,80.6,10.0,29.9,0,1,0,-0.1,0,1,0.0481,7440993.6,-0.8584,9.9,5.7,3.1
112,Amen Thompson,23.0,HOU,2025,79.0,2.0,0.216,0.545,0.779,37.4,18.9,0.594,20.0,6.5,3.8,0.167,1.6,1.0,2.6,3.4,9690600.0,0.0627,3,1927.6,560.9,821.6,158.0,63.2,252.8,97.2,14.5,38.3,1,0,0,-0.3,0,1,0.054,8350214.8,-0.8705,18.3,7.8,5.3
113,Zeke Nnaji,25.0,DEN,2025,52.0,4.2,0.259,0.517,0.773,12.0,10.3,0.558,13.7,0.2,0.7,0.066,-3.6,0.0,-3.5,-0.3,8177778.0,0.0529,6,769.6,119.6,551.2,67.6,98.8,109.2,-42.0,8.3,19.0,0,0,1,-0.4,0,0,0.0439,6784636.2,-0.9028,3.7,2.6,0.6
114,Donovan Clingan,21.0,POR,2025,77.0,5.6,0.341,0.582,0.68,27.2,20.9,0.604,16.9,5.1,3.5,0.197,2.4,0.6,3.0,2.6,7178400.0,0.0464,2,1640.1,284.9,1563.1,77.0,231.0,169.4,81.6,12.9,28.6,0,0,1,-0.1,0,1,0.0368,5684011.8,-0.9645,12.1,11.6,2.1
115,Ousmane Dieng,22.0,2TM,2025,57.0,8.2,0.341,0.501,0.711,19.3,10.2,0.516,19.7,-0.6,0.9,0.012,-2.6,-1.2,-3.8,-0.5,6670882.0,0.0431,4,1094.4,347.7,456.0,62.7,45.6,188.1,-73.3,9.9,31.3,0,0,1,-0.1,0,1,0.033,5097177.2,-1.014,7.6,3.2,2.4
116,Cason Wallace,22.0,OKC,2025,77.0,6.8,0.351,0.518,0.809,26.6,12.1,0.538,14.5,1.0,4.2,0.122,-2.1,3.3,1.2,1.7,5820240.0,0.0376,3,1201.2,361.9,431.2,269.5,53.9,130.9,31.9,8.4,25.0,1,0,0,0.0,0,1,0.0274,4233199.9,-1.0227,8.6,3.1,2.6
117,Jakob Poeltl,30.0,TOR,2025,46.0,0.0,0.0,0.7,0.602,25.0,18.1,0.698,15.3,2.6,1.8,0.18,0.2,1.4,1.6,1.0,19500000.0,0.1261,10,961.4,179.4,630.2,78.2,64.4,110.4,40.0,14.6,28.7,0,0,1,-0.0,0,0,0.1159,17916947.9,-1.0243,10.7,7.0,2.0
118,Devin Carter,23.0,SAC,2025,38.0,7.9,0.263,0.466,0.713,18.4,13.8,0.508,23.5,-0.2,0.4,0.012,-1.5,-1.2,-2.6,-0.1,4923720.0,0.0318,2,889.2,266.0,326.8,87.4,22.8,140.6,-47.8,11.9,36.7,1,0,0,-0.7,0,1,0.0213,3294802.2,-1.0495,8.9,3.3,2.7
119,Jordan Hawkins,23.0,NOP,2025,51.0,9.3,0.348,0.457,0.852,13.6,7.6,0.48,18.2,-0.6,0.2,-0.029,-3.2,-3.0,-6.2,-0.7,4741320.0,0.0307,3,907.8,147.9,311.1,45.9,35.7,122.4,-84.3,8.5,23.6,1,0,0,-0.0,0,1,0.0198,3066275.5,-1.0872,5.1,1.7,0.8
120,Jett Howard,22.0,ORL,2025,55.0,10.0,0.372,0.526,0.949,12.6,11.2,0.561,17.2,0.7,0.5,0.087,-0.8,-1.1,-1.8,0.0,5529720.0,0.0358,3,1144.0,170.5,330.0,38.5,44.0,55.0,-22.7,11.7,27.2,0,1,0,0.2,0,1,0.0239,3697614.3,-1.189,5.5,1.6,0.8
121,RJ Barrett,25.0,TOR,2025,57.0,8.0,0.339,0.55,0.717,30.3,17.0,0.585,25.8,2.0,2.0,0.111,1.0,-0.7,0.2,1.0,27705357.0,0.1792,7,1767.0,302.1,484.5,68.4,28.5,159.6,6.1,18.1,41.5,0,1,0,-0.1,0,0,0.1673,25866355.1,-1.1939,19.3,5.3,3.3
122,Ochai Agbaji,25.0,2TM,2025,62.0,6.4,0.266,0.496,0.837,15.7,8.9,0.525,14.6,0.1,0.8,0.046,-3.5,-0.5,-4.0,-0.5,6383525.0,0.0413,4,979.6,148.8,440.2,74.4,55.8,99.2,-62.8,8.3,20.1,1,0,0,-0.5,0,1,0.0286,4422175.6,-1.2705,5.1,2.3,0.8
123,Tyrese Maxey,25.0,PHI,2025,70.0,10.9,0.367,0.536,0.892,38.0,21.9,0.588,29.4,5.9,2.8,0.156,5.0,0.5,5.4,4.9,37958760.0,0.2455,6,2513.0,588.0,371.0,168.0,70.0,217.0,205.2,21.1,52.9,1,0,0,0.2,4,0,0.2327,35984267.4,-1.2814,28.3,4.1,6.6
124,Grant Williams,27.0,CHO,2025,36.0,9.3,0.388,0.568,0.815,19.8,12.9,0.609,14.1,1.1,0.8,0.131,0.6,1.0,1.6,0.7,13645500.0,0.0882,7,633.6,140.4,356.4,43.2,46.8,79.2,31.7,10.7,25.8,0,0,1,0.4,0,0,0.0747,11557176.8,-1.3467,7.0,3.9,1.6
125,Kon Knueppel,20.0,CHO,2025,81.0,12.5,0.425,0.601,0.863,31.5,17.1,0.633,22.3,5.6,2.5,0.151,3.1,-0.4,2.8,3.1,10015680.0,0.0648,1,2357.1,429.3,680.4,89.1,32.4,251.1,88.2,18.4,40.6,0,1,0,0.9,0,1,0.0513,7926195.0,-1.3547,18.5,5.3,3.4
126,Rob Dillingham,21.0,2TM,2025,65.0,6.5,0.316,0.447,0.745,14.9,7.7,0.469,23.1,-2.0,0.9,-0.056,-6.3,-0.9,-7.3,-1.3,6576120.0,0.0425,2,1293.5,448.5,416.0,149.5,19.5,318.5,-108.8,9.3,33.5,1,0,0,-0.2,0,1,0.0279,4309979.1,-1.463,6.3,2.0,2.2
127,Daniel Gafford,27.0,DAL,2025,55.0,0.0,0.0,0.655,0.683,21.7,18.8,0.677,15.8,2.5,1.7,0.167,-0.5,1.2,0.7,0.8,14386320.0,0.093,7,1138.5,126.5,819.5,93.5,148.5,137.5,15.2,14.0,25.3,0,0,1,-0.0,0,0,0.078,12057130.5,-1.5035,9.5,6.9,1.1
128,Taylor Hendricks,22.0,2TM,2025,59.0,7.8,0.342,0.548,0.681,18.9,12.2,0.566,16.2,0.4,0.8,0.049,-1.5,-0.9,-2.4,-0.1,6127080.0,0.0396,3,1091.5,135.7,548.7,123.9,76.7,123.9,-45.4,10.5,23.0,0,0,1,-0.1,0,1,0.0235,3631825.3,-1.6115,7.4,3.7,0.9
129,Nikola Jokić,30.0,DEN,2025,65.0,6.4,0.38,0.618,0.831,34.8,32.3,0.67,30.4,11.5,3.4,0.316,10.1,4.1,14.2,9.2,55224526.0,0.3571,11,2522.0,975.0,1170.0,130.0,71.5,338.0,494.2,26.0,69.0,0,0,1,0.2,4,0,0.3408,52699110.8,-1.633,27.7,12.9,10.7
130,Caleb Martin,30.0,DAL,2025,58.0,3.1,0.351,0.503,0.607,14.8,9.3,0.526,12.5,-0.1,0.9,0.048,-4.0,1.7,-2.2,0.0,9594044.0,0.062,7,725.0,261.0,458.2,127.6,46.4,127.6,-32.6,6.6,21.5,0,1,0,0.0,0,0,0.0445,6875851.9,-1.7538,3.9,2.5,1.4
131,Naz Reid,26.0,MIN,2025,77.0,10.7,0.362,0.549,0.732,26.1,15.4,0.565,22.1,0.9,3.2,0.097,-0.1,1.0,0.9,1.5,21551724.0,0.1394,7,1917.3,308.0,870.1,138.6,146.3,231.0,23.5,14.1,33.0,0,0,1,0.1,0,0,0.1218,18836201.6,-1.7599,13.6,6.2,2.2
132,VJ Edgecombe,20.0,PHI,2025,75.0,7.7,0.354,0.51,0.818,35.0,14.0,0.54,20.1,1.9,2.5,0.081,-0.4,-0.1,-0.5,1.0,11108880.0,0.0718,1,1657.5,435.0,585.0,150.0,52.5,187.5,-17.5,11.9,33.7,1,0,0,0.0,0,1,0.0542,8375943.9,-1.7638,16.0,5.6,4.2
133,Jaylin Williams,23.0,OKC,2025,65.0,9.7,0.383,0.563,0.793,19.6,13.8,0.597,15.6,1.3,2.8,0.155,0.0,2.8,2.7,1.5,8450704.0,0.0546,4,1157.0,390.0,884.0,78.0,104.0,162.5,52.9,10.6,30.1,0,0,1,0.3,0,1,0.0369,5712310.2,-1.7662,7.2,5.5,2.4
134,Keldon Johnson,26.0,SAS,2025,82.0,6.9,0.363,0.582,0.794,23.3,17.3,0.613,21.0,3.9,2.6,0.161,1.2,-0.3,0.9,1.4,18000000.0,0.1164,7,2230.4,229.6,910.2,98.4,24.6,147.6,21.0,16.7,32.9,0,1,0,0.1,0,0,0.0982,15189126.1,-1.8182,13.2,5.4,1.4
135,Ace Bailey,19.0,UTA,2025,72.0,9.4,0.344,0.52,0.75,27.6,11.6,0.533,21.4,-0.4,0.3,-0.001,-1.9,-2.5,-4.4,-1.2,9069840.0,0.0586,1,1684.8,223.2,511.2,100.8,86.4,180.0,-121.4,12.5,29.5,0,1,0,-0.1,0,1,0.0404,6244046.5,-1.8224,13.8,4.2,1.8
136,Michael Porter Jr.,27.0,BRK,2025,52.0,14.2,0.363,0.555,0.859,32.5,19.9,0.595,30.5,1.7,1.3,0.083,4.2,-1.2,3.0,2.1,38333050.0,0.2479,7,1918.8,239.2,556.4,83.2,20.8,187.2,97.5,22.0,46.3,0,1,0,0.2,0,0,0.2294,35480197.0,-1.8473,24.2,7.1,3.0
137,Brandon Miller,23.0,CHO,2025,65.0,13.4,0.383,0.533,0.892,30.3,16.8,0.574,28.1,2.1,2.4,0.109,1.7,-0.1,1.6,1.8,11968800.0,0.0774,3,2145.0,357.5,520.0,110.5,71.5,266.5,48.5,18.9,44.4,0,1,0,0.4,0,1,0.0576,8902854.5,-1.9831,20.2,4.9,3.3
138,Simone Fontecchio,30.0,MIA,2025,70.0,13.0,0.375,0.542,0.843,16.8,13.8,0.579,19.6,1.4,1.2,0.106,0.7,-0.2,0.5,0.7,8307692.0,0.0537,4,1652.0,280.0,581.0,105.0,28.0,133.0,8.4,13.7,31.9,0,1,0,0.3,0,1,0.0337,5217154.8,-1.9964,8.5,3.0,1.4
139,Dennis Schröder,32.0,2TM,2025,70.0,6.5,0.329,0.465,0.834,24.2,12.9,0.526,21.0,0.8,0.7,0.043,-0.9,-1.3,-2.2,-0.1,14104000.0,0.0912,13,1505.0,679.0,378.0,112.0,21.0,245.0,-53.2,11.3,40.8,1,0,0,-0.1,0,0,0.0708,10945405.0,-2.0423,10.8,2.7,4.9
140,Stephen Curry,37.0,GSW,2025,43.0,17.7,0.393,0.587,0.923,30.9,22.6,0.637,32.5,2.9,1.2,0.147,6.3,-1.0,5.4,2.5,59606817.0,0.3854,17,1793.1,318.2,240.8,77.4,25.8,189.2,166.9,26.6,57.3,1,0,0,0.8,1,0,0.365,56439263.5,-2.0445,26.6,3.6,4.7
141,Buddy Hield,33.0,2TM,2025,51.0,12.5,0.349,0.55,0.811,16.1,12.8,0.568,20.3,0.2,0.8,0.06,-0.9,-0.1,-1.0,0.2,9219512.0,0.0596,10,1173.0,214.2,351.9,117.3,25.5,142.8,-16.1,13.1,31.4,1,0,0,-0.0,0,0,0.0388,6006284.9,-2.0761,7.6,2.3,1.4
142,Pascal Siakam,31.0,IND,2025,62.0,6.8,0.358,0.529,0.693,33.2,18.6,0.562,30.1,1.1,1.5,0.062,1.8,-1.0,0.7,1.4,45550512.0,0.2945,10,2126.6,341.0,589.0,99.2,37.2,198.4,23.2,19.3,45.4,0,0,1,0.1,1,0,0.2734,42275395.7,-2.1133,24.0,6.6,3.8
143,Khaman Maluach,19.0,PHO,2025,46.0,2.5,0.238,0.557,0.71,8.9,14.0,0.586,14.8,0.2,0.6,0.099,-3.7,0.0,-3.7,-0.2,6016080.0,0.0389,1,768.2,32.2,736.0,27.6,184.0,138.0,-32.9,9.8,17.8,0,0,1,-0.3,0,1,0.0175,2709277.5,-2.1381,3.0,2.9,0.1
144,Tre Johnson,19.0,WAS,2025,60.0,10.5,0.358,0.508,0.874,24.1,10.6,0.535,22.5,-0.6,-0.1,-0.024,-2.1,-2.9,-5.0,-1.1,8237640.0,0.0533,1,1446.0,240.0,336.0,66.0,36.0,186.0,-120.5,12.9,32.2,1,0,0,0.1,0,1,0.0318,4912478.4,-2.1534,12.2,2.8,2.0
145,Jarred Vanderbilt,26.0,LAL,2025,65.0,4.3,0.293,0.531,0.589,17.4,11.2,0.544,12.4,0.4,1.5,0.079,-2.4,0.9,-1.5,0.1,11571429.0,0.0748,8,812.5,234.0,819.0,156.0,52.0,156.0,-26.1,6.8,19.5,0,0,1,-0.2,0,0,0.0533,8236672.0,-2.1539,4.4,4.5,1.3
146,Collin Murray-Boyles,20.0,TOR,2025,57.0,2.0,0.34,0.604,0.657,21.9,16.4,0.621,15.5,2.1,1.9,0.154,-0.5,1.5,1.0,1.0,6332520.0,0.0409,1,1077.3,233.7,638.4,114.0,119.7,131.1,21.9,11.7,27.1,0,0,1,-0.0,0,1,0.0191,2961052.6,-2.1753,8.5,5.0,1.9
147,Alex Sarr,20.0,WAS,2025,48.0,5.4,0.333,0.52,0.692,27.2,19.4,0.544,25.7,0.7,0.9,0.059,0.8,-0.1,0.7,0.9,11808240.0,0.0764,2,1363.2,225.6,619.2,67.2,163.2,144.0,19.0,15.4,37.7,0,0,1,-0.1,0,1,0.0527,8156370.8,-2.3658,16.3,7.4,2.7
148,OG Anunoby,28.0,NYK,2025,67.0,9.1,0.386,0.581,0.828,33.2,15.8,0.62,19.7,3.1,3.2,0.135,0.9,1.1,2.0,2.3,39568966.0,0.2559,9,1668.3,214.4,522.6,154.1,73.7,180.9,66.4,15.4,31.6,0,0,1,0.3,0,0,0.2304,35623412.2,-2.5547,16.7,5.2,2.2
149,Duncan Robinson,31.0,DET,2025,77.0,12.3,0.41,0.613,0.755,27.4,12.4,0.629,15.8,3.8,2.3,0.139,0.8,-0.1,0.8,1.5,16834692.0,0.1089,8,1655.5,277.2,361.9,77.0,38.5,92.4,21.9,13.5,29.4,1,0,0,0.7,0,0,0.083,12833070.6,-2.5917,12.2,2.7,2.1
150,Chet Holmgren,23.0,OKC,2025,69.0,5.9,0.362,0.614,0.792,28.9,21.6,0.653,21.9,4.4,4.7,0.219,2.4,1.9,4.2,3.1,13731368.0,0.0888,3,1973.4,193.2,1028.1,69.0,220.8,179.4,121.4,18.7,34.3,0,0,1,0.1,4,1,0.0626,9678152.6,-2.6218,17.1,8.9,1.7
151,Rudy Gobert,33.0,MIN,2025,76.0,0.1,0.0,0.682,0.526,31.3,17.5,0.664,12.9,4.8,4.0,0.176,0.0,0.9,1.0,1.8,35000000.0,0.2263,13,1261.6,197.6,1330.0,91.2,190.0,159.6,31.3,11.0,21.8,0,0,1,-0.0,0,0,0.1999,30915627.1,-2.6389,10.9,11.5,1.7
152,Dorian Finney-Smith,32.0,HOU,2025,37.0,8.1,0.27,0.436,0.889,16.8,5.8,0.452,10.7,0.0,0.6,0.042,-4.3,-0.1,-4.3,-0.4,12700000.0,0.0821,10,366.3,107.3,277.5,48.1,18.5,66.6,-72.2,4.5,15.1,0,0,1,-0.6,0,0,0.0548,8472090.3,-2.7317,3.3,2.5,1.0
153,Klay Thompson,35.0,DAL,2025,69.0,16.6,0.383,0.532,0.766,21.7,11.4,0.541,22.7,-0.3,0.9,0.018,0.2,-1.5,-1.4,0.2,16666667.0,0.1078,15,1759.5,207.0,310.5,69.0,48.3,138.0,-30.4,13.8,32.0,0,1,0,0.5,0,0,0.0802,12398530.3,-2.7627,11.7,2.1,1.4
154,Luguentz Dort,26.0,OKC,2025,69.0,9.7,0.344,0.508,0.759,26.8,8.3,0.524,14.1,0.0,3.0,0.078,-2.8,0.8,-2.0,0.0,17722222.0,0.1146,7,1041.9,151.8,441.6,110.4,48.3,96.6,-53.6,7.9,19.4,0,1,0,-0.1,0,0,0.0868,13422284.2,-2.7807,8.3,3.6,1.2
155,Jabari Smith Jr.,22.0,HOU,2025,77.0,9.0,0.363,0.541,0.775,35.1,13.5,0.57,18.2,3.4,3.3,0.118,-0.5,-0.2,-0.7,0.9,12350392.0,0.0799,4,1724.8,200.2,754.6,77.0,100.1,146.3,-24.6,12.8,27.7,0,0,1,0.1,0,1,0.0518,8005967.4,-2.8131,15.8,6.9,1.9
156,Caris LeVert,31.0,DET,2025,60.0,7.5,0.333,0.494,0.679,19.2,10.9,0.518,18.4,-0.2,1.8,0.066,-1.8,1.5,-0.4,0.5,14104000.0,0.0912,10,1116.0,402.0,294.0,126.0,102.0,204.0,-7.7,9.6,31.9,1,0,0,-0.1,0,0,0.0628,9712353.0,-2.8397,7.4,2.0,2.7
157,De'Andre Hunter,28.0,2TM,2025,45.0,10.1,0.305,0.49,0.867,26.1,11.4,0.545,22.9,0.1,1.0,0.044,-2.5,-1.5,-3.9,-0.6,23303571.0,0.1507,7,1129.5,166.5,342.0,54.0,9.0,139.5,-101.8,13.7,32.0,0,1,0,-0.5,0,0,0.1214,18772401.5,-2.9311,13.7,4.1,2.0
158,Jaylen Brown,29.0,BOS,2025,71.0,8.4,0.347,0.522,0.795,34.4,22.0,0.573,36.2,3.5,3.4,0.135,3.5,-0.1,3.3,3.3,53142264.0,0.3436,10,2996.2,532.5,724.2,106.5,42.6,383.4,113.5,24.2,57.2,0,1,0,-0.0,4,0,0.3125,48324331.0,-3.1118,28.7,6.9,5.1
159,Zion Williamson,25.0,NOP,2025,62.0,0.1,0.25,0.6,0.716,29.7,22.6,0.644,25.7,5.0,1.0,0.159,3.5,-0.6,2.9,2.3,39446090.0,0.2551,7,2095.6,322.4,570.4,99.2,55.8,204.6,86.1,21.8,44.2,0,0,1,-0.0,0,0,0.2238,34611425.5,-3.1291,21.0,5.7,3.2
160,Patrick Williams,24.0,CHI,2025,72.0,8.7,0.347,0.472,0.72,20.5,8.2,0.494,16.6,-1.1,1.0,-0.005,-3.4,-1.1,-4.5,-0.9,18000000.0,0.1164,6,1152.0,237.6,489.6,115.2,57.6,172.8,-92.2,7.9,22.6,0,0,1,-0.0,0,0,0.0847,13104197.5,-3.1664,7.0,3.0,1.5
161,Terance Mann,29.0,BRK,2025,63.0,5.0,0.364,0.533,0.788,24.3,10.2,0.564,13.5,1.2,0.6,0.056,-2.7,-0.7,-3.4,-0.6,15500000.0,0.1002,7,926.1,384.3,409.5,81.9,31.5,144.9,-82.6,8.3,27.0,1,0,0,0.1,0,0,0.068,10513456.5,-3.2216,7.2,3.2,3.0
162,Lauri Markkanen,28.0,UTA,2025,42.0,10.5,0.355,0.548,0.896,34.4,21.1,0.608,28.1,3.2,0.3,0.118,4.6,-2.0,2.6,1.6,46394100.0,0.3,9,1533.0,121.8,394.8,58.8,29.4,84.0,89.4,22.2,42.4,0,0,1,0.1,0,0,0.2669,41279637.3,-3.3072,26.7,6.9,2.1
163,De'Aaron Fox,28.0,SAS,2025,72.0,8.5,0.332,0.549,0.76,31.0,17.6,0.578,24.9,3.4,3.0,0.138,1.5,0.6,2.2,2.4,37096620.0,0.2399,9,2073.6,691.2,417.6,136.8,28.8,252.0,68.2,16.6,47.8,1,0,0,-0.2,1,0,0.2066,31954712.7,-3.327,18.6,3.8,6.2
164,Kyle Kuzma,30.0,MIL,2025,69.0,6.5,0.347,0.552,0.726,26.2,14.1,0.581,21.8,0.9,1.0,0.051,-1.0,-1.3,-2.3,-0.1,22560605.0,0.1459,9,1683.6,345.0,586.5,89.7,55.2,220.8,-60.3,14.2,34.4,0,0,1,-0.0,0,0,0.1125,17396946.6,-3.3405,13.0,4.5,2.7
165,Tidjane Salaün,20.0,CHO,2025,37.0,7.2,0.434,0.616,0.65,15.5,12.9,0.629,14.9,0.6,0.8,0.117,-1.2,0.4,-0.8,0.2,7863240.0,0.0508,2,706.7,85.1,473.6,51.8,22.2,81.4,-12.4,12.0,24.3,0,0,1,0.6,0,1,0.0171,2637227.9,-3.3747,6.0,4.0,0.7
166,Gabe Vincent,29.0,2TM,2025,53.0,9.5,0.341,0.488,0.87,16.6,6.5,0.511,12.3,0.1,0.5,0.035,-3.8,-0.5,-4.3,-0.5,11500000.0,0.0744,7,673.1,222.6,159.0,79.5,10.6,79.5,-71.4,6.5,21.0,1,0,0,-0.1,0,0,0.0398,6154617.2,-3.4602,4.4,1.0,1.4
167,Cooper Flagg,19.0,DAL,2025,70.0,4.9,0.295,0.498,0.827,33.5,17.9,0.548,26.9,1.3,2.5,0.078,1.0,0.4,1.4,2.0,13825920.0,0.0894,1,2072.0,448.0,658.0,119.0,91.0,224.0,46.9,16.2,42.1,0,1,0,-0.3,0,1,0.0548,8472272.6,-3.4615,21.0,6.7,4.5
168,Jaden McDaniels,25.0,MIN,2025,73.0,5.2,0.412,0.579,0.835,31.7,14.0,0.611,18.5,2.5,2.7,0.109,-0.9,0.6,-0.3,1.0,24393103.0,0.1577,6,1627.9,299.3,467.2,124.1,109.5,197.1,-9.5,13.6,30.8,0,0,1,0.3,0,0,0.123,19026036.2,-3.4671,14.8,4.2,2.7
169,Maxi Kleber,34.0,LAL,2025,43.0,2.8,0.231,0.493,0.538,10.7,8.1,0.509,9.6,0.2,0.4,0.063,-4.2,0.3,-3.9,-0.2,11000000.0,0.0711,9,391.3,124.7,382.7,81.7,51.6,77.4,-41.7,4.6,14.6,0,0,1,-0.3,0,0,0.0361,5584505.5,-3.4989,2.0,2.0,0.6
170,Kevin Huerter,27.0,2TM,2025,69.0,9.9,0.308,0.535,0.775,22.4,13.2,0.552,18.8,0.8,1.7,0.078,-1.1,0.5,-0.6,0.6,17991071.0,0.1163,8,1462.8,372.6,503.7,131.1,69.0,151.8,-13.4,11.7,31.6,0,1,0,-0.4,0,0,0.0805,12453771.5,-3.577,10.0,3.5,2.6
171,Jaren Jackson Jr.,26.0,2TM,2025,48.0,7.7,0.357,0.534,0.803,30.3,15.7,0.576,26.2,0.1,1.3,0.047,-1.1,0.5,-0.6,0.5,35000000.0,0.2263,8,1454.4,148.8,427.2,81.6,105.6,168.0,-18.2,17.5,36.6,0,0,1,0.1,0,0,0.1886,29169807.5,-3.7678,19.4,5.7,2.0
172,Luka Dončić,26.0,LAL,2025,64.0,14.8,0.366,0.563,0.78,35.8,27.9,0.616,38.1,6.6,2.9,0.199,8.0,1.3,9.3,6.6,45999660.0,0.2974,8,2924.8,723.2,678.4,140.8,44.8,345.6,332.9,28.2,68.5,1,0,0,0.2,4,0,0.2593,40098092.3,-3.8112,33.5,7.7,8.3
173,Corey Kispert,26.0,2TM,2025,58.0,10.4,0.367,0.577,0.794,18.6,13.1,0.609,18.6,1.4,0.5,0.082,0.1,-2.0,-1.9,0.0,13975000.0,0.0904,5,1351.4,232.0,336.4,40.6,23.2,116.0,-35.3,14.2,31.5,0,1,0,0.2,0,0,0.0509,7864177.1,-3.9548,9.2,2.3,1.6
174,Darius Garland,26.0,2TM,2025,45.0,11.2,0.396,0.551,0.861,29.9,17.1,0.582,27.4,1.7,0.9,0.092,2.2,-2.4,-0.2,0.6,39446090.0,0.2551,7,1377.0,490.5,175.5,72.0,13.5,211.5,-6.0,17.8,52.9,1,0,0,0.5,0,0,0.2139,33075819.0,-4.1221,18.8,2.4,6.7
175,Paolo Banchero,23.0,ORL,2025,72.0,5.3,0.305,0.496,0.775,34.8,17.6,0.566,27.6,2.0,3.0,0.095,1.4,0.0,1.4,2.1,15334769.0,0.0992,4,2210.4,518.4,835.2,72.0,57.6,309.6,48.7,17.4,44.9,0,0,1,-0.2,0,1,0.0562,8695387.1,-4.2973,22.2,8.4,5.2
176,LaMelo Ball,24.0,CHO,2025,72.0,18.2,0.368,0.516,0.899,28.0,19.7,0.546,32.0,3.6,2.6,0.147,4.8,-0.1,4.7,3.4,37958760.0,0.2455,6,2556.0,907.2,612.0,151.2,28.8,360.0,131.6,19.4,61.0,1,0,0,0.3,0,0,0.2024,31298402.7,-4.3114,20.1,4.8,7.1
177,Harrison Barnes,33.0,SAS,2025,77.0,8.7,0.388,0.577,0.829,25.8,11.8,0.608,14.6,2.7,2.1,0.117,-0.2,0.1,-0.1,1.0,19000000.0,0.1229,14,1424.5,277.2,400.4,92.4,23.1,115.5,-2.6,11.2,26.0,0,0,1,0.3,0,0,0.0778,12030314.2,-4.5108,9.9,2.8,1.9
178,Rui Hachimura,27.0,LAL,2025,68.0,6.6,0.443,0.611,0.694,28.3,11.6,0.62,15.2,2.1,1.1,0.08,-0.8,-1.5,-2.2,-0.1,18259259.0,0.1181,7,1346.4,95.2,387.6,68.0,34.0,74.8,-62.3,12.3,23.2,0,0,1,0.6,0,0,0.073,11283074.1,-4.514,11.5,3.3,0.8
179,Josh Green,25.0,CHO,2025,58.0,7.5,0.42,0.619,0.893,15.7,9.7,0.644,10.6,1.0,0.9,0.099,-1.7,1.0,-0.7,0.3,13666667.0,0.0884,6,788.8,150.8,324.8,110.2,17.4,110.2,-11.0,8.8,19.3,1,0,0,0.5,0,0,0.0423,6543195.9,-4.6089,4.3,1.8,0.8
180,Dylan Harper,19.0,SAS,2025,69.0,5.5,0.343,0.551,0.756,22.6,16.2,0.574,21.8,2.0,2.2,0.13,0.3,1.1,1.4,1.3,12370320.0,0.08,1,1731.9,565.8,496.8,117.3,48.3,213.9,31.6,14.4,41.5,1,0,0,-0.0,0,1,0.0334,5158190.9,-4.6645,11.8,3.4,3.9
181,Collin Sexton,27.0,2TM,2025,68.0,8.4,0.401,0.561,0.855,23.7,17.4,0.615,25.9,2.5,1.4,0.117,1.1,-0.5,0.6,1.1,19175000.0,0.124,8,2142.0,455.6,312.8,156.4,20.4,285.6,14.2,19.4,45.3,1,0,0,0.4,0,0,0.0742,11481142.7,-4.9759,15.4,2.3,3.3
182,Draymond Green,35.0,GSW,2025,68.0,8.0,0.326,0.52,0.702,27.5,10.4,0.54,16.1,-0.4,2.1,0.044,-2.4,1.0,-1.4,0.3,25892857.0,0.1674,14,1006.4,666.4,659.6,108.8,74.8,319.6,-38.5,8.0,34.2,0,0,1,-0.2,0,0,0.1175,18175657.5,-4.987,8.4,5.5,5.5
183,John Collins,28.0,LAC,2025,69.0,5.8,0.406,0.62,0.766,27.1,16.3,0.643,19.5,2.7,1.8,0.117,0.0,-0.5,-0.5,0.7,26580000.0,0.1719,9,1711.2,131.1,676.2,110.4,96.6,172.5,-13.6,15.9,28.9,0,0,1,0.3,0,0,0.1212,18738059.4,-5.0733,13.6,5.3,1.0
184,Jonathan Isaac,28.0,ORL,2025,52.0,3.5,0.184,0.454,0.603,10.0,11.5,0.498,12.4,0.1,0.8,0.085,-2.9,1.3,-1.6,0.1,15000000.0,0.097,9,644.8,104.0,634.4,93.6,150.8,88.4,-16.0,6.2,15.8,0,0,1,-0.6,0,0,0.0453,7000785.2,-5.1731,2.6,2.5,0.4
185,Cameron Johnson,29.0,DEN,2025,54.0,7.6,0.43,0.596,0.839,30.5,12.8,0.629,15.1,2.7,1.0,0.108,0.3,-0.9,-0.6,0.6,21057065.0,0.1362,7,1058.4,210.6,329.4,64.8,32.4,75.6,-18.3,12.3,28.0,0,1,0,0.6,0,0,0.0839,12976591.9,-5.2289,12.2,3.8,2.4
186,Joel Embiid,31.0,PHI,2025,38.0,6.4,0.333,0.527,0.854,31.6,24.7,0.605,33.5,2.8,1.3,0.163,5.1,-0.2,4.9,2.1,55224526.0,0.3571,10,1558.0,228.0,448.4,30.4,68.4,167.2,154.8,24.8,52.9,0,0,1,-0.1,0,0,0.3046,47109053.8,-5.2477,26.9,7.7,3.9
187,Giannis Antetokounmpo,31.0,MIL,2025,36.0,2.1,0.333,0.636,0.65,28.9,32.6,0.658,37.0,3.9,1.1,0.231,7.7,1.8,9.5,3.0,54126450.0,0.35,13,1692.0,334.8,601.2,57.6,39.6,194.4,274.6,30.9,65.6,0,0,1,-0.0,1,0,0.2968,45903618.9,-5.3172,27.6,9.8,5.4
188,Immanuel Quickley,26.0,TOR,2025,70.0,10.4,0.374,0.541,0.821,31.9,16.6,0.577,21.1,3.9,2.6,0.14,1.9,0.6,2.4,2.5,32500000.0,0.2102,6,1757.0,637.0,434.0,140.0,7.0,154.0,76.6,14.5,43.5,1,0,0,0.2,0,0,0.1564,24184480.8,-5.3815,16.4,4.0,5.9
189,Cade Cunningham,24.0,DET,2025,64.0,8.1,0.342,0.513,0.812,33.9,21.6,0.564,30.5,4.2,3.6,0.174,4.8,1.5,6.3,4.6,46394100.0,0.3,5,2182.4,902.4,505.6,128.0,76.8,339.2,213.6,19.2,62.2,1,0,0,-0.1,4,0,0.2456,37985002.4,-5.4376,23.9,5.5,9.9
190,Malik Monk,27.0,SAC,2025,62.0,11.1,0.395,0.536,0.879,22.0,14.2,0.568,24.0,0.8,0.2,0.034,0.8,-2.1,-1.3,0.2,18797619.0,0.1216,9,1698.8,409.2,254.2,80.6,55.8,198.4,-28.6,15.6,41.1,1,0,0,0.5,0,0,0.0659,10193402.1,-5.5686,12.5,1.9,3.0
191,Kelly Olynyk,34.0,SAS,2025,42.0,6.3,0.255,0.552,0.711,8.6,13.5,0.59,16.0,0.4,0.6,0.13,-1.3,1.3,-0.1,0.2,13445122.0,0.0869,13,743.4,273.0,424.2,84.0,16.8,134.4,-0.9,10.4,30.1,0,0,1,-0.6,0,0,0.031,4797229.3,-5.5879,3.2,1.8,1.2
192,Jimmy Butler,36.0,GSW,2025,38.0,3.5,0.376,0.554,0.864,31.1,23.5,0.646,23.3,4.6,1.1,0.233,5.0,0.5,5.5,2.3,54126450.0,0.35,15,1185.6,288.8,330.6,87.4,11.4,95.0,171.0,20.2,46.5,0,1,0,0.1,0,0,0.2941,45480168.4,-5.591,20.0,5.6,4.9
193,Devin Vassell,25.0,SAS,2025,67.0,10.2,0.384,0.547,0.815,30.5,13.0,0.574,18.0,2.3,2.6,0.115,0.1,0.3,0.5,1.3,27500000.0,0.1778,6,1467.3,261.3,422.1,87.1,40.2,93.8,15.2,12.6,30.0,1,0,0,0.3,0,0,0.1201,18579635.6,-5.7658,13.9,4.0,2.5
194,LeBron James,41.0,LAL,2025,60.0,6.0,0.317,0.557,0.737,33.2,20.8,0.594,27.2,3.4,2.1,0.131,3.3,0.2,3.5,2.8,52627153.0,0.3403,23,1848.0,636.0,534.0,108.0,54.0,264.0,116.2,18.3,51.8,0,1,0,-0.2,1,0,0.2826,43707532.4,-5.7672,20.9,6.1,7.2
195,Alex Caruso,31.0,OKC,2025,56.0,8.6,0.293,0.512,0.804,18.2,12.8,0.54,15.7,0.3,2.2,0.12,-1.4,3.3,1.9,1.0,18102000.0,0.1171,9,924.0,291.2,408.8,190.4,44.8,128.8,34.6,8.9,26.4,1,0,0,-0.5,0,0,0.0589,9105356.0,-5.8222,6.2,2.8,2.0
196,Scottie Barnes,24.0,TOR,2025,80.0,4.1,0.304,0.537,0.815,33.5,19.2,0.577,23.4,3.3,4.5,0.14,1.9,2.3,4.2,4.2,38661750.0,0.25,5,2104.0,688.0,872.0,168.0,168.0,304.0,140.7,15.2,43.3,0,0,1,-0.2,1,0,0.1903,29425414.7,-5.9725,18.1,7.5,5.9
197,Myles Turner,29.0,MIL,2025,71.0,9.9,0.383,0.553,0.74,26.9,14.2,0.584,18.6,1.2,1.8,0.076,-0.9,0.0,-0.9,0.5,25318251.0,0.1637,11,1547.8,184.6,688.7,92.3,213.0,149.1,-24.2,12.7,27.3,0,0,1,0.3,0,0,0.1019,15760135.5,-6.179,11.9,5.3,1.5
198,Zaccharie Risacher,20.0,ATL,2025,67.0,8.1,0.368,0.544,0.644,22.4,11.8,0.557,17.6,0.5,1.9,0.074,-2.3,-0.2,-2.5,-0.2,13197720.0,0.0853,2,1346.7,160.8,542.7,127.3,73.7,120.6,-56.0,11.2,25.0,0,1,0,0.1,0,1,0.0233,3610251.2,-6.1955,9.6,3.8,1.1
199,Andrew Nembhard,26.0,IND,2025,57.0,7.9,0.361,0.513,0.825,31.3,15.7,0.564,23.6,2.2,0.7,0.077,1.1,-1.9,-0.8,0.6,18102000.0,0.1171,4,1464.9,661.2,245.1,79.8,11.4,205.2,-25.0,14.5,49.0,1,0,0,0.1,0,1,0.0537,8311006.1,-6.3358,16.9,2.8,7.7
200,Kevin Durant,37.0,HOU,2025,78.0,7.9,0.413,0.588,0.874,36.4,21.1,0.641,27.1,7.5,3.2,0.18,4.4,0.1,4.5,4.7,54708609.0,0.3538,19,2776.8,507.0,585.0,85.8,93.6,335.4,163.8,22.8,49.1,0,1,0,0.5,4,0,0.2894,44749120.5,-6.4437,26.0,5.5,4.8
201,Anfernee Simons,26.0,2TM,2025,55.0,13.8,0.385,0.552,0.896,24.9,14.4,0.576,23.6,1.8,1.1,0.101,1.2,-1.3,-0.1,0.7,27678571.0,0.179,8,1578.5,269.5,269.5,55.0,16.5,137.5,-2.5,16.5,39.0,1,0,0,0.5,0,0,0.1133,17523656.5,-6.5686,14.3,2.5,2.4
202,Isaiah Hartenstein,27.0,OKC,2025,47.0,0.3,0.0,0.622,0.61,24.2,19.8,0.631,16.1,2.5,2.8,0.223,1.0,3.2,4.2,1.8,28500000.0,0.1843,8,864.8,333.7,883.6,94.0,70.5,164.5,101.6,11.6,32.5,0,0,1,-0.1,0,0,0.1184,18312503.9,-6.5885,9.2,9.4,3.5
203,Desmond Bane,27.0,ORL,2025,82.0,7.4,0.391,0.553,0.908,33.6,16.9,0.607,23.3,4.8,2.6,0.129,1.6,-0.2,1.4,2.3,36725670.0,0.2375,6,2353.4,483.8,483.8,123.0,49.2,237.8,47.0,17.4,40.8,1,0,0,0.3,0,0,0.1626,25140983.5,-7.493,20.1,4.1,4.1
204,Anthony Edwards,24.0,MIN,2025,61.0,11.5,0.399,0.572,0.796,35.0,21.8,0.617,31.5,3.9,2.7,0.147,4.7,-0.1,4.5,3.5,45550512.0,0.2945,6,2397.3,305.0,408.7,115.9,67.1,237.9,157.5,24.2,49.9,1,0,0,0.6,1,0,0.2188,33842540.1,-7.5663,28.8,5.0,3.7
205,Kentavious Caldwell-Pope,32.0,MEM,2025,51.0,7.6,0.316,0.485,0.913,21.3,11.0,0.533,17.7,0.2,0.5,0.032,-2.3,-0.2,-2.5,-0.1,21621500.0,0.1398,13,948.6,311.1,275.4,96.9,15.3,137.7,-53.2,9.9,30.5,1,0,0,-0.3,0,0,0.055,8499535.5,-8.4839,8.4,2.5,2.7
206,Jonathan Kuminga,23.0,2TM,2025,36.0,6.1,0.333,0.515,0.724,23.1,14.2,0.557,23.4,0.1,0.9,0.059,-1.5,-0.5,-2.0,0.0,23799569.0,0.1539,5,910.8,172.8,421.2,46.8,21.6,140.4,-46.2,14.1,34.8,0,0,1,-0.1,0,0,0.0686,10601079.5,-8.535,12.2,5.6,2.3
207,Paul George,35.0,PHI,2025,37.0,10.8,0.392,0.536,0.82,30.7,16.7,0.57,23.3,1.1,1.4,0.108,1.0,0.7,1.7,1.1,51666090.0,0.3341,16,1010.1,210.9,307.1,96.2,25.9,99.9,52.2,15.6,39.2,0,0,1,0.5,0,0,0.2389,36944107.8,-9.5207,17.3,5.3,3.6
208,Karl-Anthony Towns,30.0,NYK,2025,75.0,6.6,0.368,0.556,0.858,31.0,22.0,0.619,25.9,5.5,4.0,0.197,2.7,0.6,3.3,3.1,53142264.0,0.3436,11,2407.5,360.0,1425.0,105.0,67.5,300.0,102.3,19.9,41.8,0,0,1,0.1,1,0,0.2417,37382936.2,-10.1869,20.1,11.9,3.0
209,Jalen Suggs,24.0,ORL,2025,57.0,11.0,0.339,0.529,0.855,27.6,15.6,0.561,22.9,0.3,2.4,0.083,0.7,1.8,2.5,1.8,35000000.0,0.2263,5,1368.0,541.5,381.9,182.4,68.4,262.2,69.0,13.5,42.9,1,0,0,-0.1,0,0,0.1158,17905813.1,-11.0515,13.8,3.9,5.5
210,Jordan Poole,26.0,NOP,2025,39.0,14.8,0.333,0.48,0.86,23.9,11.5,0.53,25.1,0.0,0.2,0.01,-0.9,-2.6,-3.5,-0.4,31848215.0,0.2059,7,1049.1,237.9,152.1,42.9,31.2,136.5,-83.6,14.3,38.8,1,0,0,-0.3,0,0,0.0853,13189483.3,-12.0612,13.4,2.0,3.1
211,Evan Mobley,24.0,CLE,2025,65.0,4.8,0.297,0.582,0.606,31.9,20.0,0.596,22.6,3.6,2.9,0.15,1.8,1.2,3.0,2.6,46394100.0,0.3,5,1774.5,351.0,884.0,71.5,169.0,182.0,95.7,16.3,37.8,0,0,1,-0.3,0,0,0.175,27062765.5,-12.5003,18.2,9.0,3.6
212,Zach LaVine,30.0,SAC,2025,39.0,10.0,0.39,0.569,0.88,31.4,14.7,0.614,23.7,1.3,0.0,0.051,0.6,-2.2,-1.5,0.2,47499660.0,0.3071,12,1154.4,136.5,167.7,42.9,15.6,113.1,-47.1,18.2,37.0,1,0,0,0.4,0,0,0.1778,27491041.1,-12.9334,19.2,2.8,2.3
213,Khris Middleton,34.0,2TM,2025,63.0,6.1,0.36,0.482,0.875,22.8,10.9,0.533,20.6,-0.3,0.5,0.008,-2.8,-1.5,-4.4,-0.9,35086419.0,0.2269,14,1323.0,365.4,478.8,81.9,18.9,220.5,-100.3,11.2,32.7,0,1,0,0.1,0,0,0.0951,14705967.7,-13.1806,10.2,3.7,2.8
